participant.id_in_session,participant.code,participant.label,participant._is_bot,participant._index_in_pages,participant._max_page_index,participant._current_app_name,participant._round_number,participant._current_page_name,participant.ip_address,participant.time_started,participant.exclude_from_data_analysis,participant.visited,participant.mturk_worker_id,participant.mturk_assignment_id,player.id_in_group,player.payoff,group.id_in_subsession,subsession.round_number,session.code,session.label,session.experimenter_name,session.time_scheduled,session.time_started,session.mturk_HITId,session.mturk_HITGroupId,session.comment,session.is_demo
1,1habpvno,,0,0,10,,,,,,0,0,,,1,0,1,1,3r75f47v,,,,,,,,1
2,5rmfbmyi,,0,0,10,,,,,,0,0,,,2,0,1,1,3r75f47v,,,,,,,,1
1,lw3cqot0,,0,9,10,ultimatum_customer,1,Results,10.203.237.92,2017-02-20 00:01:48.510125+00:00,0,1,,,1,0,1,1,tg2t5c39,,,,,,,,1
2,tkw5r2pp,,0,11,10,ultimatum_customer,1,Validation,10.203.237.92,2017-02-20 00:02:15.637962+00:00,0,1,,,2,0,1,1,tg2t5c39,,,,,,,,1
1,r8hb22ly,,0,11,10,ultimatum_customer,1,Validation,10.71.207.7,2017-02-20 00:10:09.315882+00:00,0,1,A3I1W58P6SIV26,3DH6GAKTYZ47V9TDKZHHFCIG033ZYI,1,0,1,1,7hov5su1,,,,,3X55NP42EOV9FIWPI3LO90O54R03PJ,3PUN5J88E7Q1F6QW4EKD7X76U3VADO,,0
2,9nocfrvd,,0,3,10,consent_start3,1,Proceed,10.152.65.114,2017-02-20 00:10:11.160446+00:00,0,1,ATHS9CW2FLYUY,3ATTHHXXWB3W0EETFZ7TW38H2K7XID,2,0,1,1,7hov5su1,,,,,3X55NP42EOV9FIWPI3LO90O54R03PJ,3PUN5J88E7Q1F6QW4EKD7X76U3VADO,,0
3,noyypoi4,,0,11,10,ultimatum_customer,1,Validation,10.102.138.94,2017-02-20 00:10:16.376278+00:00,0,1,A3SWVCOJPJM7KQ,3QL2OFSM97X0BHEPLJOYNYJON1DNCH,3,0,1,1,7hov5su1,,,,,3X55NP42EOV9FIWPI3LO90O54R03PJ,3PUN5J88E7Q1F6QW4EKD7X76U3VADO,,0
4,ur1c3kxk,,0,11,10,ultimatum_customer,1,Validation,10.146.110.248,2017-02-20 00:10:16.941221+00:00,0,1,A35HVY5S3USKZS,3F6KKYWMNCGAG9K3LFJ9741681PNDH,4,0,1,1,7hov5su1,,,,,3X55NP42EOV9FIWPI3LO90O54R03PJ,3PUN5J88E7Q1F6QW4EKD7X76U3VADO,,0
5,k3tvhl5n,,0,9,10,ultimatum_customer,1,Results,10.149.67.224,2017-02-20 00:10:22.080172+00:00,0,1,A3GEHH49HNJM57,3X87C8JFV7Q1LVGDYX6F6XIBEFMQS1,5,0,1,1,7hov5su1,,,,,3X55NP42EOV9FIWPI3LO90O54R03PJ,3PUN5J88E7Q1F6QW4EKD7X76U3VADO,,0
6,j8wu6waw,,0,11,10,ultimatum_customer,1,Validation,10.43.197.52,2017-02-20 00:10:25.907688+00:00,0,1,A23WHSJ0I16TNN,3WLEIWSYHPWV330CLS4F61D6PZS2HH,6,0,1,1,7hov5su1,,,,,3X55NP42EOV9FIWPI3LO90O54R03PJ,3PUN5J88E7Q1F6QW4EKD7X76U3VADO,,0
7,s9df51kj,,0,9,10,ultimatum_customer,1,Results,10.102.138.94,2017-02-20 00:10:30.606856+00:00,0,1,ATHS9GUME1XCA,354GIDR5ZCLDWTR28XTGHLLA6K600T,7,0,1,1,7hov5su1,,,,,3X55NP42EOV9FIWPI3LO90O54R03PJ,3PUN5J88E7Q1F6QW4EKD7X76U3VADO,,0
8,5qjck35n,,0,3,10,consent_start3,1,Proceed,10.164.172.163,2017-02-20 00:10:29.048044+00:00,0,1,A1CY01G7686ORZ,3TVRFO09GLUYQFMZ0246OJ09JO1XLR,8,0,1,1,7hov5su1,,,,,3X55NP42EOV9FIWPI3LO90O54R03PJ,3PUN5J88E7Q1F6QW4EKD7X76U3VADO,,0
9,42g91ba2,,0,11,10,ultimatum_customer,1,Validation,10.171.127.156,2017-02-20 00:10:30.848371+00:00,0,1,A33NK36A94Y75Y,3OE22WJIGJ3H088HN21FLY0ZZC7QUH,9,0,1,1,7hov5su1,,,,,3X55NP42EOV9FIWPI3LO90O54R03PJ,3PUN5J88E7Q1F6QW4EKD7X76U3VADO,,0
10,ch599dxs,,0,3,10,consent_start3,1,Proceed,10.79.219.198,2017-02-20 00:10:40.914224+00:00,0,1,A1APYLD4DUK33J,3G5F9DBFOQC40UYE92OQ86AHMWKVHF,10,0,1,1,7hov5su1,,,,,3X55NP42EOV9FIWPI3LO90O54R03PJ,3PUN5J88E7Q1F6QW4EKD7X76U3VADO,,0
11,fj099tmh,,0,11,10,ultimatum_customer,1,Validation,10.190.139.180,2017-02-20 00:11:15.206876+00:00,0,1,AW9983V6TUGF8,354GIDR5ZCLDWTR28XTGHLLA6K600T,11,0,1,1,7hov5su1,,,,,3X55NP42EOV9FIWPI3LO90O54R03PJ,3PUN5J88E7Q1F6QW4EKD7X76U3VADO,,0
12,fwemxufs,,0,11,10,ultimatum_customer,1,Validation,10.171.119.12,2017-02-20 00:11:38.219391+00:00,0,1,A1LSEVXPEYMJL7,37UQDCYH6YA775S2WT2EHTLN8UP7VS,12,0,1,1,7hov5su1,,,,,3X55NP42EOV9FIWPI3LO90O54R03PJ,3PUN5J88E7Q1F6QW4EKD7X76U3VADO,,0
13,otg51ics,,0,11,10,ultimatum_customer,1,Validation,10.157.160.84,2017-02-20 00:11:39.683237+00:00,0,1,A3TG4EGFSGE544,3R08VXYT7DAKMUS7M37A3V41F3R7W2,13,0,1,1,7hov5su1,,,,,3X55NP42EOV9FIWPI3LO90O54R03PJ,3PUN5J88E7Q1F6QW4EKD7X76U3VADO,,0
14,s9ze1de7,,0,11,10,ultimatum_customer,1,Validation,10.158.160.96,2017-02-20 00:11:48.198913+00:00,0,1,A9KSSJXDB6GPE,3P59JYT76MZL8CR7LML4KKGU0TN2TR,14,0,1,1,7hov5su1,,,,,3X55NP42EOV9FIWPI3LO90O54R03PJ,3PUN5J88E7Q1F6QW4EKD7X76U3VADO,,0
15,9zif0isf,,0,11,10,ultimatum_customer,1,Validation,10.157.160.84,2017-02-20 00:11:58.913608+00:00,0,1,AJNQ2PBD07FKE,3O7L7BFSHF4NUENCKUH18ENAMEWIEP,15,0,1,1,7hov5su1,,,,,3X55NP42EOV9FIWPI3LO90O54R03PJ,3PUN5J88E7Q1F6QW4EKD7X76U3VADO,,0
16,kat70ru0,,0,11,10,ultimatum_customer,1,Validation,10.158.160.96,2017-02-20 00:12:07.250333+00:00,0,1,A1KF05U5IO9AFG,3IGI0VL648Z1K6BSBOXPIYD5CFWNOE,16,0,1,1,7hov5su1,,,,,3X55NP42EOV9FIWPI3LO90O54R03PJ,3PUN5J88E7Q1F6QW4EKD7X76U3VADO,,0
17,9t97zvwg,,0,11,10,ultimatum_customer,1,Validation,10.178.64.67,2017-02-20 00:12:10.790805+00:00,0,1,A1CE2XPYCDRHVZ,3ZQIG0FLQFVMXKT341AQ99K41KXVWF,17,0,1,1,7hov5su1,,,,,3X55NP42EOV9FIWPI3LO90O54R03PJ,3PUN5J88E7Q1F6QW4EKD7X76U3VADO,,0
18,p1azbgj6,,0,9,10,ultimatum_customer,1,Results,10.97.160.245,2017-02-20 00:13:04.437968+00:00,0,1,A282QBLX9BBHVL,3KWTYT0871IPOW2PUWLBW09PQQS5LS,18,0,1,1,7hov5su1,,,,,3X55NP42EOV9FIWPI3LO90O54R03PJ,3PUN5J88E7Q1F6QW4EKD7X76U3VADO,,0
19,risfjgth,,0,9,10,ultimatum_customer,1,Results,10.63.100.174,2017-02-20 00:13:08.485469+00:00,0,1,A13WFFPE9L1QAB,35BLDD71I7CQRFY8FOUX8DEMIM1VZ5,19,0,1,1,7hov5su1,,,,,3X55NP42EOV9FIWPI3LO90O54R03PJ,3PUN5J88E7Q1F6QW4EKD7X76U3VADO,,0
20,giganabl,,0,11,10,ultimatum_customer,1,Validation,10.158.160.96,2017-02-20 00:13:11.744578+00:00,0,1,A2OF8S6Z444XNC,3LEP4MGT3HF8F0V6IPE0G91CRDCDBL,20,0,1,1,7hov5su1,,,,,3X55NP42EOV9FIWPI3LO90O54R03PJ,3PUN5J88E7Q1F6QW4EKD7X76U3VADO,,0
21,imnt05j5,,0,11,10,ultimatum_customer,1,Validation,10.164.78.133,2017-02-20 00:13:29.600176+00:00,0,1,A1PF01FF85HUY4,32N49TQG3HXPQ7Q03WEYRKND92VAVM,21,0,1,1,7hov5su1,,,,,3X55NP42EOV9FIWPI3LO90O54R03PJ,3PUN5J88E7Q1F6QW4EKD7X76U3VADO,,0
22,yd9g2m9u,,0,9,10,ultimatum_customer,1,Results,10.111.221.243,2017-02-20 00:14:11.533575+00:00,0,1,A2BGRGVU9HG0C6,31JLPPHS2V9UG2IIT5DA9KFZ7Y5O3Z,22,0,1,1,7hov5su1,,,,,3X55NP42EOV9FIWPI3LO90O54R03PJ,3PUN5J88E7Q1F6QW4EKD7X76U3VADO,,0
23,tr3lx9l7,,0,3,10,consent_start3,1,Proceed,10.149.111.149,2017-02-20 00:14:15.056006+00:00,0,1,A31EZYDK16XB9U,39L1G8WVWR69KABHN3FZXO2REOW31U,23,0,1,1,7hov5su1,,,,,3X55NP42EOV9FIWPI3LO90O54R03PJ,3PUN5J88E7Q1F6QW4EKD7X76U3VADO,,0
24,x6ka2rbv,,0,3,10,consent_start3,1,Proceed,10.43.185.17,2017-02-20 00:14:28.801118+00:00,0,1,A1BLKLKIO27E3V,3AUQQEL7U68TPUSIBUH52EB00GJ0VL,24,0,1,1,7hov5su1,,,,,3X55NP42EOV9FIWPI3LO90O54R03PJ,3PUN5J88E7Q1F6QW4EKD7X76U3VADO,,0
25,m05rpk94,,0,11,10,ultimatum_customer,1,Validation,10.109.176.159,2017-02-20 00:14:53.767771+00:00,0,1,A3BP890CXV4UMN,39L1G8WVWR69KABHN3FZXO2REOW31U,25,0,1,1,7hov5su1,,,,,3X55NP42EOV9FIWPI3LO90O54R03PJ,3PUN5J88E7Q1F6QW4EKD7X76U3VADO,,0
26,b7xw6w0q,,0,11,10,ultimatum_customer,1,Validation,10.179.235.253,2017-02-20 00:15:04.947867+00:00,0,1,A10LGIY5HFYMZM,3AUQQEL7U68TPUSIBUH52EB00GJ0VL,26,0,1,1,7hov5su1,,,,,3X55NP42EOV9FIWPI3LO90O54R03PJ,3PUN5J88E7Q1F6QW4EKD7X76U3VADO,,0
27,gf8k5c1r,,0,9,10,ultimatum_customer,1,Results,10.154.74.169,2017-02-20 00:15:57.633931+00:00,0,1,A2PTPH3BC7LX4O,3KWTYT0871IPOW2PUWLBW09PQQS5LS,27,0,1,1,7hov5su1,,,,,3X55NP42EOV9FIWPI3LO90O54R03PJ,3PUN5J88E7Q1F6QW4EKD7X76U3VADO,,0
28,z4gpvn54,,0,11,10,ultimatum_customer,1,Validation,10.41.203.70,2017-02-20 00:16:07.198930+00:00,0,1,A2H1LSCTU7Z0TO,31Q0U3WYDQURLTC4PFIPA5E7JQI17X,28,0,1,1,7hov5su1,,,,,3X55NP42EOV9FIWPI3LO90O54R03PJ,3PUN5J88E7Q1F6QW4EKD7X76U3VADO,,0
29,7uh28slb,,0,11,10,ultimatum_customer,1,Validation,10.16.227.159,2017-02-20 00:16:51.965247+00:00,0,1,AIIZAZ04GP49,36U2A8VAG2EC6EURKYE7SXU3WUQYKV,29,0,1,1,7hov5su1,,,,,3X55NP42EOV9FIWPI3LO90O54R03PJ,3PUN5J88E7Q1F6QW4EKD7X76U3VADO,,0
30,5v841otw,,0,11,10,ultimatum_customer,1,Validation,10.109.176.159,2017-02-20 00:17:04.095882+00:00,0,1,A5QWTKVJ0B9QW,3Z3ZLGNNSJ9X1EVY8I5EYPAZM0O3QP,30,0,1,1,7hov5su1,,,,,3X55NP42EOV9FIWPI3LO90O54R03PJ,3PUN5J88E7Q1F6QW4EKD7X76U3VADO,,0
31,ox7ouysv,,0,9,10,ultimatum_customer,1,Results,10.81.172.78,2017-02-20 00:17:35.735579+00:00,0,1,ANSZDHY4KY6QO,3GD6L00D3TCA6WJRTLKETNBXEFD1M8,31,0,1,1,7hov5su1,,,,,3X55NP42EOV9FIWPI3LO90O54R03PJ,3PUN5J88E7Q1F6QW4EKD7X76U3VADO,,0
32,o2infh6e,,0,9,10,ultimatum_customer,1,Results,10.190.139.180,2017-02-20 00:18:52.507427+00:00,0,1,AJXWSGZL8G0FV,33LKR6A5KFZEJR9B2ILQF16P8N91T9,32,0,1,1,7hov5su1,,,,,3X55NP42EOV9FIWPI3LO90O54R03PJ,3PUN5J88E7Q1F6QW4EKD7X76U3VADO,,0
33,qtfd5m39,,0,11,10,ultimatum_customer,1,Validation,10.109.176.159,2017-02-20 00:18:55.588765+00:00,0,1,AGCXRKUXFJRZ2,31LM9EDVOM7NJVKVVB5KA2WJDMNJNU,33,0,1,1,7hov5su1,,,,,3X55NP42EOV9FIWPI3LO90O54R03PJ,3PUN5J88E7Q1F6QW4EKD7X76U3VADO,,0
34,phdgg08n,,0,11,10,ultimatum_customer,1,Validation,10.164.78.133,2017-02-20 00:19:38.003142+00:00,0,1,A2Y7PB2U8USUC8,3KWTYT0871IPOW2PUWLBW09PQQS5LS,34,0,1,1,7hov5su1,,,,,3X55NP42EOV9FIWPI3LO90O54R03PJ,3PUN5J88E7Q1F6QW4EKD7X76U3VADO,,0
35,1c8jxo4b,,0,3,10,consent_start3,1,Proceed,10.43.197.52,2017-02-20 00:20:09.348649+00:00,0,1,A1QE0VF6QPIU9J,3QAPZX2QN5SKS3UGNKXU09EP3IQ20F,35,0,1,1,7hov5su1,,,,,3X55NP42EOV9FIWPI3LO90O54R03PJ,3PUN5J88E7Q1F6QW4EKD7X76U3VADO,,0
36,c1cmdu3u,,0,11,10,ultimatum_customer,1,Validation,10.231.231.232,2017-02-20 00:20:34.066150+00:00,0,1,AB774I47XHB4K,3H7XDTSHKD63FN38F6B498HUE6AGWE,36,0,1,1,7hov5su1,,,,,3X55NP42EOV9FIWPI3LO90O54R03PJ,3PUN5J88E7Q1F6QW4EKD7X76U3VADO,,0
37,c15b2ve4,,0,3,10,consent_start3,1,Proceed,10.186.58.177,2017-02-20 00:21:08.109564+00:00,0,1,A1KM3RO255T3T6,39O5D9O87U7T7DLF304JEKLIILNC3T,37,0,1,1,7hov5su1,,,,,3X55NP42EOV9FIWPI3LO90O54R03PJ,3PUN5J88E7Q1F6QW4EKD7X76U3VADO,,0
38,zhq9nedj,,0,11,10,ultimatum_customer,1,Validation,10.152.65.114,2017-02-20 00:22:13.515563+00:00,0,1,A1EMBQB8FM6EZH,3TVRFO09GLUYQFMZ0246OJ09JP2LXI,38,0,1,1,7hov5su1,,,,,3X55NP42EOV9FIWPI3LO90O54R03PJ,3PUN5J88E7Q1F6QW4EKD7X76U3VADO,,0
39,44lo5ymt,,0,11,10,ultimatum_customer,1,Validation,10.136.154.140,2017-02-20 00:23:18.266434+00:00,0,1,AO4ZHD0B9KUNE,3IGI0VL648Z1K6BSBOXPIYD5CGXONI,39,0,1,1,7hov5su1,,,,,3X55NP42EOV9FIWPI3LO90O54R03PJ,3PUN5J88E7Q1F6QW4EKD7X76U3VADO,,0
40,yrumneaq,,0,11,10,ultimatum_customer,1,Validation,10.16.227.159,2017-02-20 00:24:06.938697+00:00,0,1,A21G010TCSMZZ8,3STRJBFXOX6GPSVXASR8KG2OHT9KTV,40,0,1,1,7hov5su1,,,,,3X55NP42EOV9FIWPI3LO90O54R03PJ,3PUN5J88E7Q1F6QW4EKD7X76U3VADO,,0
41,587aa6m1,,0,11,10,ultimatum_customer,1,Validation,10.109.132.249,2017-02-20 00:24:15.560051+00:00,0,1,A8SP23ECDU4F0,37TD41K0AIOXRU6UTF5KMSTUA1MCSL,41,0,1,1,7hov5su1,,,,,3X55NP42EOV9FIWPI3LO90O54R03PJ,3PUN5J88E7Q1F6QW4EKD7X76U3VADO,,0
42,mwvwhnk1,,0,3,10,consent_start3,1,Proceed,10.179.235.253,2017-02-20 00:25:20.756673+00:00,0,1,A1CC1ESUM2JWJ2,3JNQLM5FT51XPZJ2CDJDYT6D6G1L27,42,0,1,1,7hov5su1,,,,,3X55NP42EOV9FIWPI3LO90O54R03PJ,3PUN5J88E7Q1F6QW4EKD7X76U3VADO,,0
43,hamrmmth,,0,11,10,ultimatum_customer,1,Validation,10.97.201.159,2017-02-20 00:25:52.151992+00:00,0,1,A1RJ2LORL5PJHS,3TESA3PJ32P72L5GM73CDFZ0CQ8MM1,43,0,1,1,7hov5su1,,,,,3X55NP42EOV9FIWPI3LO90O54R03PJ,3PUN5J88E7Q1F6QW4EKD7X76U3VADO,,0
44,hqsbbm01,,0,11,10,ultimatum_customer,1,Validation,10.167.67.198,2017-02-20 00:25:51.751682+00:00,0,1,ATEL480BFZ1F6,3G5F9DBFOQC40UYE92OQ86AHMXLHV4,44,0,1,1,7hov5su1,,,,,3X55NP42EOV9FIWPI3LO90O54R03PJ,3PUN5J88E7Q1F6QW4EKD7X76U3VADO,,0
45,4h7pbeid,,0,9,10,ultimatum_customer,1,Results,10.93.232.18,2017-02-20 00:26:18.177705+00:00,0,1,A1Y508FNU04ZLH,3NG53N1RLWYY2Z0PKMLLP1S0XQUP8C,45,0,1,1,7hov5su1,,,,,3X55NP42EOV9FIWPI3LO90O54R03PJ,3PUN5J88E7Q1F6QW4EKD7X76U3VADO,,0
46,7y7zeoy1,,0,11,10,ultimatum_customer,1,Validation,10.183.102.41,2017-02-20 00:26:29.297112+00:00,0,1,A2G9163W7Y67UD,3R9WASFE20V1VICIF9PTQRB0UTEZFO,46,0,1,1,7hov5su1,,,,,3X55NP42EOV9FIWPI3LO90O54R03PJ,3PUN5J88E7Q1F6QW4EKD7X76U3VADO,,0
47,h8fc9ucr,,0,11,10,ultimatum_customer,1,Validation,10.170.176.153,2017-02-20 00:26:40.715602+00:00,0,1,A216MK0DNQUN4G,3XCC1ODXDMQPKGG0J86AGNDFSE4RQH,47,0,1,1,7hov5su1,,,,,3X55NP42EOV9FIWPI3LO90O54R03PJ,3PUN5J88E7Q1F6QW4EKD7X76U3VADO,,0
48,at0hqw89,,0,11,10,ultimatum_customer,1,Validation,10.167.67.198,2017-02-20 00:26:41.470313+00:00,0,1,A35RZ2HKE9VWJ5,3RYC5T2D7484K4FLJVRLGIN5NIIRPQ,48,0,1,1,7hov5su1,,,,,3X55NP42EOV9FIWPI3LO90O54R03PJ,3PUN5J88E7Q1F6QW4EKD7X76U3VADO,,0
49,fybjade9,,0,11,10,ultimatum_customer,1,Validation,10.141.27.204,2017-02-20 00:26:45.494743+00:00,0,1,A362CV8OOYJA6W,3BC8WZX3V4BPWHV0WNVALDNKO06RRI,49,0,1,1,7hov5su1,,,,,3X55NP42EOV9FIWPI3LO90O54R03PJ,3PUN5J88E7Q1F6QW4EKD7X76U3VADO,,0
50,40vw7lj1,,0,9,10,ultimatum_customer,1,Results,10.155.222.143,2017-02-20 00:26:53.705495+00:00,0,1,A1XTRYSSOR598O,3MRNMEIQW6LKS9HI923UUCXH37QLDG,50,0,1,1,7hov5su1,,,,,3X55NP42EOV9FIWPI3LO90O54R03PJ,3PUN5J88E7Q1F6QW4EKD7X76U3VADO,,0
51,83a5i5om,,0,3,10,consent_start3,1,Proceed,10.171.127.156,2017-02-20 00:27:48.438002+00:00,0,1,A39EH9228GV09X,33M4IA01QHG9TDHC5M12AV98PHRRXE,51,0,1,1,7hov5su1,,,,,3X55NP42EOV9FIWPI3LO90O54R03PJ,3PUN5J88E7Q1F6QW4EKD7X76U3VADO,,0
52,haqg9h4p,,0,11,10,ultimatum_customer,1,Validation,10.69.205.24,2017-02-20 00:28:28.194442+00:00,0,1,A15QN3MLAFSUTT,3C8HJ7UOP8971S4Z1WT6LHV9RUQZMV,52,0,1,1,7hov5su1,,,,,3X55NP42EOV9FIWPI3LO90O54R03PJ,3PUN5J88E7Q1F6QW4EKD7X76U3VADO,,0
53,oljbrt2p,,0,3,10,consent_start3,1,Proceed,10.81.229.55,2017-02-20 00:29:45.138601+00:00,0,1,A2PJBSDDN22XIX,3VNL7UK1XGY5963J9H0B43AJ9XSFTO,53,0,1,1,7hov5su1,,,,,3X55NP42EOV9FIWPI3LO90O54R03PJ,3PUN5J88E7Q1F6QW4EKD7X76U3VADO,,0
54,dpkbl3jy,,0,11,10,ultimatum_customer,1,Validation,10.154.45.231,2017-02-20 00:30:46.901739+00:00,0,1,A2J7XOAS72YN0,3PM8NZGV8ZV9HC2CS7C255Z3TVPXQJ,54,0,1,1,7hov5su1,,,,,3X55NP42EOV9FIWPI3LO90O54R03PJ,3PUN5J88E7Q1F6QW4EKD7X76U3VADO,,0
55,fkkgpl6a,,0,11,10,ultimatum_customer,1,Validation,10.183.102.41,2017-02-20 00:31:16.681254+00:00,0,1,A1IN92CQSAJE9Z,3ZSANO2JCGM4U6Q4KHVLUYEX7EESFC,55,0,1,1,7hov5su1,,,,,3X55NP42EOV9FIWPI3LO90O54R03PJ,3PUN5J88E7Q1F6QW4EKD7X76U3VADO,,0
56,qccw4a4b,,0,11,10,ultimatum_customer,1,Validation,10.109.176.159,2017-02-20 00:32:49.568835+00:00,0,1,A3PUU1XU4C1A3V,3LUY3GC630FU2LV6AHTFB1W5M6P7P8,56,0,1,1,7hov5su1,,,,,3X55NP42EOV9FIWPI3LO90O54R03PJ,3PUN5J88E7Q1F6QW4EKD7X76U3VADO,,0
57,jo02a4wv,,0,11,10,ultimatum_customer,1,Validation,10.16.227.41,2017-02-20 00:32:49.982557+00:00,0,1,A1H72Y9Z5NJXDS,3J88R45B2HDOH01XSUXD509TOZ3PXK,57,0,1,1,7hov5su1,,,,,3X55NP42EOV9FIWPI3LO90O54R03PJ,3PUN5J88E7Q1F6QW4EKD7X76U3VADO,,0
58,jhke4zr3,,0,3,10,consent_start3,1,Proceed,10.155.222.143,2017-02-20 00:33:09.042162+00:00,0,1,A3NK3VPYRHZBW8,358UUM7WR0IFEYBLN9X4GWWKNOD7R0,58,0,1,1,7hov5su1,,,,,3X55NP42EOV9FIWPI3LO90O54R03PJ,3PUN5J88E7Q1F6QW4EKD7X76U3VADO,,0
59,4a1c5468,,0,9,10,ultimatum_customer,1,Results,10.138.143.17,2017-02-20 00:36:03.185945+00:00,0,1,A1YBUA89N9CV2N,3VW6495TLKF7QJJ8ODFY159EUA0YYT,59,0,1,1,7hov5su1,,,,,3X55NP42EOV9FIWPI3LO90O54R03PJ,3PUN5J88E7Q1F6QW4EKD7X76U3VADO,,0
60,muyrdfz8,,0,3,10,consent_start3,1,Proceed,10.43.185.17,2017-02-20 00:36:22.680440+00:00,0,1,A1ZAAAAM3YB1G0,3X3OR7WPZ0F8BELRSUSE8KJGSGU8LY,60,0,1,1,7hov5su1,,,,,3X55NP42EOV9FIWPI3LO90O54R03PJ,3PUN5J88E7Q1F6QW4EKD7X76U3VADO,,0
61,iu589bps,,0,11,10,ultimatum_customer,1,Validation,10.138.140.172,2017-02-20 00:40:02.164020+00:00,0,1,A2I8VBHRESMG9S,3TDXMTX3CC9JHZUXECY3WQVX5HA6IW,61,0,1,1,7hov5su1,,,,,3X55NP42EOV9FIWPI3LO90O54R03PJ,3PUN5J88E7Q1F6QW4EKD7X76U3VADO,,0
62,65b54sw5,,0,11,10,ultimatum_customer,1,Validation,10.150.135.91,2017-02-20 00:40:28.730693+00:00,0,1,A1AKEQKIR9QUUZ,3F6KKYWMNCGAG9K3LFJ9741682RDNB,62,0,1,1,7hov5su1,,,,,3X55NP42EOV9FIWPI3LO90O54R03PJ,3PUN5J88E7Q1F6QW4EKD7X76U3VADO,,0
63,mtkmxmqk,,0,3,10,consent_start3,1,Proceed,10.45.85.125,2017-02-20 00:50:46.875289+00:00,0,1,A36E1O48KQ6OP0,373ERPL3YPN2CW8S0C05LSO2CL4TRY,63,0,1,1,7hov5su1,,,,,3X55NP42EOV9FIWPI3LO90O54R03PJ,3PUN5J88E7Q1F6QW4EKD7X76U3VADO,,0
64,mz1otmrn,,0,9,10,ultimatum_customer,1,Results,10.186.38.2,2017-02-20 00:57:23.686088+00:00,0,1,ACSS93E03ZUGX,3NS0A6KXC5N79I8DQTVB8CBCV8GGZ6,64,0,1,1,7hov5su1,,,,,3X55NP42EOV9FIWPI3LO90O54R03PJ,3PUN5J88E7Q1F6QW4EKD7X76U3VADO,,0
65,gapeor0u,,0,9,10,ultimatum_customer,1,Results,10.178.64.67,2017-02-20 01:06:15.837596+00:00,0,1,A2U7BMG19Q83GE,3L70J4KAZH13WQQECBE4LYH69VTDAS,65,0,1,1,7hov5su1,,,,,3X55NP42EOV9FIWPI3LO90O54R03PJ,3PUN5J88E7Q1F6QW4EKD7X76U3VADO,,0
66,mgz1ano8,,0,9,10,ultimatum_customer,1,Results,10.13.194.229,2017-02-20 01:30:58.444297+00:00,0,1,A293W3UQ4R169G,3QY5DC2MXSZK9JI89MQL9ZWLSB2UFX,66,0,1,1,7hov5su1,,,,,3X55NP42EOV9FIWPI3LO90O54R03PJ,3PUN5J88E7Q1F6QW4EKD7X76U3VADO,,0
67,y7iduxka,,0,11,10,ultimatum_customer,1,Validation,10.43.180.138,2017-02-20 02:09:38.676222+00:00,0,1,A2VNR6984SDFGQ,32SVAV9L3GO5EYOHJM8S8PVUII7A3U,67,0,1,1,7hov5su1,,,,,3X55NP42EOV9FIWPI3LO90O54R03PJ,3PUN5J88E7Q1F6QW4EKD7X76U3VADO,,0
68,uw646yyg,,0,0,10,,,,,,0,0,,,68,0,1,1,7hov5su1,,,,,3X55NP42EOV9FIWPI3LO90O54R03PJ,3PUN5J88E7Q1F6QW4EKD7X76U3VADO,,0
69,q5c06f7a,,0,0,10,,,,,,0,0,,,69,0,1,1,7hov5su1,,,,,3X55NP42EOV9FIWPI3LO90O54R03PJ,3PUN5J88E7Q1F6QW4EKD7X76U3VADO,,0
70,ziso5w9q,,0,0,10,,,,,,0,0,,,70,0,1,1,7hov5su1,,,,,3X55NP42EOV9FIWPI3LO90O54R03PJ,3PUN5J88E7Q1F6QW4EKD7X76U3VADO,,0
71,8tpi3vb3,,0,0,10,,,,,,0,0,,,71,0,1,1,7hov5su1,,,,,3X55NP42EOV9FIWPI3LO90O54R03PJ,3PUN5J88E7Q1F6QW4EKD7X76U3VADO,,0
72,tgpf1hmp,,0,0,10,,,,,,0,0,,,72,0,1,1,7hov5su1,,,,,3X55NP42EOV9FIWPI3LO90O54R03PJ,3PUN5J88E7Q1F6QW4EKD7X76U3VADO,,0
73,iixax7il,,0,0,10,,,,,,0,0,,,73,0,1,1,7hov5su1,,,,,3X55NP42EOV9FIWPI3LO90O54R03PJ,3PUN5J88E7Q1F6QW4EKD7X76U3VADO,,0
74,mj4kmyov,,0,0,10,,,,,,0,0,,,74,0,1,1,7hov5su1,,,,,3X55NP42EOV9FIWPI3LO90O54R03PJ,3PUN5J88E7Q1F6QW4EKD7X76U3VADO,,0
75,p4ycl7qv,,0,0,10,,,,,,0,0,,,75,0,1,1,7hov5su1,,,,,3X55NP42EOV9FIWPI3LO90O54R03PJ,3PUN5J88E7Q1F6QW4EKD7X76U3VADO,,0
76,a7x6ypcv,,0,0,10,,,,,,0,0,,,76,0,1,1,7hov5su1,,,,,3X55NP42EOV9FIWPI3LO90O54R03PJ,3PUN5J88E7Q1F6QW4EKD7X76U3VADO,,0
77,ntcr7bni,,0,0,10,,,,,,0,0,,,77,0,1,1,7hov5su1,,,,,3X55NP42EOV9FIWPI3LO90O54R03PJ,3PUN5J88E7Q1F6QW4EKD7X76U3VADO,,0
78,s7ob8fhm,,0,0,10,,,,,,0,0,,,78,0,1,1,7hov5su1,,,,,3X55NP42EOV9FIWPI3LO90O54R03PJ,3PUN5J88E7Q1F6QW4EKD7X76U3VADO,,0
79,cgog6rrg,,0,0,10,,,,,,0,0,,,79,0,1,1,7hov5su1,,,,,3X55NP42EOV9FIWPI3LO90O54R03PJ,3PUN5J88E7Q1F6QW4EKD7X76U3VADO,,0
80,pdg11hor,,0,0,10,,,,,,0,0,,,80,0,1,1,7hov5su1,,,,,3X55NP42EOV9FIWPI3LO90O54R03PJ,3PUN5J88E7Q1F6QW4EKD7X76U3VADO,,0
1,hzimnpdv,,0,11,10,ultimatum_customer,1,Validation,10.69.198.55,2017-02-20 01:04:05.153488+00:00,0,1,A1P5ZWD6G279G9,37M28K1J0RSGZCQ6M70FOWCJEFQAJ3,1,0,1,1,wlj617jy,,,,,3YLTXLH3DFLO9Q3OXOAQDUPFNWIHP4,3PUN5J88E7Q1F6QW4EKD7X76U3VADO,,0
2,82mzrx6m,,0,9,10,ultimatum_customer,1,Results,10.69.198.55,2017-02-20 01:05:23.986037+00:00,0,1,A1341FGE92VIZW,3G5W44VEU8XCKN9RQSS1LXNZRZ3KGO,2,0,1,1,wlj617jy,,,,,3YLTXLH3DFLO9Q3OXOAQDUPFNWIHP4,3PUN5J88E7Q1F6QW4EKD7X76U3VADO,,0
3,j7utjofn,,0,3,10,consent_start3,1,Proceed,10.79.219.198,2017-02-20 01:06:25.509830+00:00,0,1,A34BY21KX8GMU0,3JW0YLFXRUVZC9T8UBFMVB3I8U2WWV,3,0,1,1,wlj617jy,,,,,3YLTXLH3DFLO9Q3OXOAQDUPFNWIHP4,3PUN5J88E7Q1F6QW4EKD7X76U3VADO,,0
4,is9t4g1z,,0,9,10,ultimatum_customer,1,Results,10.63.30.96,2017-02-20 01:06:43.648931+00:00,0,1,A2FGP5K2VWW23G,37W3JXSD67N31EO89CXAG8OYJ22WYU,4,0,1,1,wlj617jy,,,,,3YLTXLH3DFLO9Q3OXOAQDUPFNWIHP4,3PUN5J88E7Q1F6QW4EKD7X76U3VADO,,0
5,s3vkzjem,,0,11,10,ultimatum_customer,1,Validation,10.93.232.18,2017-02-20 01:06:56.838400+00:00,0,1,A1MTRZDRKNB9GV,33LK57MYLUKAZNH4LTPSXQUFJJAZS9,5,0,1,1,wlj617jy,,,,,3YLTXLH3DFLO9Q3OXOAQDUPFNWIHP4,3PUN5J88E7Q1F6QW4EKD7X76U3VADO,,0
6,exb1bjgg,,0,11,10,ultimatum_customer,1,Validation,10.61.238.152,2017-02-20 01:07:04.114683+00:00,0,1,A28W7USM54QQKW,32RIADZISTJUWQTF00Z23UH6IO7S4Q,6,0,1,1,wlj617jy,,,,,3YLTXLH3DFLO9Q3OXOAQDUPFNWIHP4,3PUN5J88E7Q1F6QW4EKD7X76U3VADO,,0
7,ofw9sqt1,,0,11,10,ultimatum_customer,1,Validation,10.81.229.55,2017-02-20 01:07:37.391997+00:00,0,1,A2YR5M2I1YCH75,3YHH42UU5CUQTPGOXQFZF5DY9IJL0P,7,0,1,1,wlj617jy,,,,,3YLTXLH3DFLO9Q3OXOAQDUPFNWIHP4,3PUN5J88E7Q1F6QW4EKD7X76U3VADO,,0
8,m4w43xoo,,0,11,10,ultimatum_customer,1,Validation,10.183.102.41,2017-02-20 01:07:39.965561+00:00,0,1,A2NBQXD2V7045H,3TXWC2NHN05VTWZRHVVTK2SM4GLS9M,8,0,1,1,wlj617jy,,,,,3YLTXLH3DFLO9Q3OXOAQDUPFNWIHP4,3PUN5J88E7Q1F6QW4EKD7X76U3VADO,,0
9,jkkd5noh,,0,3,10,consent_start3,1,Proceed,10.140.231.210,2017-02-20 01:07:41.992445+00:00,0,1,A1GFN7WDJ0GX5V,3JNQLM5FT51XPZJ2CDJDYT6D6G3L29,9,0,1,1,wlj617jy,,,,,3YLTXLH3DFLO9Q3OXOAQDUPFNWIHP4,3PUN5J88E7Q1F6QW4EKD7X76U3VADO,,0
10,cbdxjv50,,0,11,10,ultimatum_customer,1,Validation,10.167.190.210,2017-02-20 01:08:27.399753+00:00,0,1,A3ACR8IG31Q7K6,34Q075JO1YSD3ICK4GXGVQ4KBCF01Z,10,0,1,1,wlj617jy,,,,,3YLTXLH3DFLO9Q3OXOAQDUPFNWIHP4,3PUN5J88E7Q1F6QW4EKD7X76U3VADO,,0
11,mfdyl3i4,,0,11,10,ultimatum_customer,1,Validation,10.43.197.52,2017-02-20 01:08:46.627340+00:00,0,1,A18HC62T1SROBJ,3QAVNHZ3ENJMU2E6PSCS4BPBI4VLAG,11,0,1,1,wlj617jy,,,,,3YLTXLH3DFLO9Q3OXOAQDUPFNWIHP4,3PUN5J88E7Q1F6QW4EKD7X76U3VADO,,0
12,8g8eukyg,,0,11,10,ultimatum_customer,1,Validation,10.164.78.133,2017-02-20 01:10:20.121968+00:00,0,1,A2QGTGDZM7Q7RL,3ZOTGHDK5JQY0J3XJKEBHSNBZF7SO0,12,0,1,1,wlj617jy,,,,,3YLTXLH3DFLO9Q3OXOAQDUPFNWIHP4,3PUN5J88E7Q1F6QW4EKD7X76U3VADO,,0
13,z7lkpm3m,,0,11,10,ultimatum_customer,1,Validation,10.150.135.91,2017-02-20 01:12:14.476457+00:00,0,1,AK5O0ERUC7TAY,3R9WASFE20V1VICIF9PTQRB0UTGFZ6,13,0,1,1,wlj617jy,,,,,3YLTXLH3DFLO9Q3OXOAQDUPFNWIHP4,3PUN5J88E7Q1F6QW4EKD7X76U3VADO,,0
14,j2fjjipv,,0,3,10,consent_start3,1,Proceed,10.164.78.133,2017-02-20 01:12:52.803500+00:00,0,1,A3IC7ZQ257WUNV,3MD9PLUKKJTDJAPZDX86YWK9WK2NZL,14,0,1,1,wlj617jy,,,,,3YLTXLH3DFLO9Q3OXOAQDUPFNWIHP4,3PUN5J88E7Q1F6QW4EKD7X76U3VADO,,0
15,8l98ptsv,,0,11,10,ultimatum_customer,1,Validation,10.152.233.4,2017-02-20 01:19:01.583745+00:00,0,1,A1NGABF082HR2P,32XVDSJFP0CHVH1NCPKSY6L26LU2MT,15,0,1,1,wlj617jy,,,,,3YLTXLH3DFLO9Q3OXOAQDUPFNWIHP4,3PUN5J88E7Q1F6QW4EKD7X76U3VADO,,0
16,njfy4mo8,,0,3,10,consent_start3,1,Proceed,10.164.172.163,2017-02-20 01:14:10.174760+00:00,0,1,A15F2JTVAJXITI,3WYP994K18657Z92IUK6IEPLV09Y6V,16,0,1,1,wlj617jy,,,,,3YLTXLH3DFLO9Q3OXOAQDUPFNWIHP4,3PUN5J88E7Q1F6QW4EKD7X76U3VADO,,0
17,bt2a4a7q,,0,11,10,ultimatum_customer,1,Validation,10.149.111.149,2017-02-20 01:14:18.082322+00:00,0,1,AUR6U2RJAGUTF,340UGXU9DZG95G4Y91VPRLZ7G5PVUL,17,0,1,1,wlj617jy,,,,,3YLTXLH3DFLO9Q3OXOAQDUPFNWIHP4,3PUN5J88E7Q1F6QW4EKD7X76U3VADO,,0
18,mvwa88t2,,0,3,10,consent_start3,1,Proceed,10.154.45.231,2017-02-20 01:15:35.612803+00:00,0,1,A2ICVDCUQ736Y9,39L1G8WVWR69KABHN3FZXO2REOZ13V,18,0,1,1,wlj617jy,,,,,3YLTXLH3DFLO9Q3OXOAQDUPFNWIHP4,3PUN5J88E7Q1F6QW4EKD7X76U3VADO,,0
19,o9z4fd9j,,0,11,10,ultimatum_customer,1,Validation,10.179.235.253,2017-02-20 01:16:27.554583+00:00,0,1,A2A27TLFWKDXUW,3GM6G9ZBKOCBFGV0V44OZTUS6Y6TMB,19,0,1,1,wlj617jy,,,,,3YLTXLH3DFLO9Q3OXOAQDUPFNWIHP4,3PUN5J88E7Q1F6QW4EKD7X76U3VADO,,0
20,gm9hghvl,,0,9,10,ultimatum_customer,1,Results,10.150.98.212,2017-02-20 01:16:29.203076+00:00,0,1,A17VJGXGBNEL9E,33C7UALJVMDVL7HNZKAVO5A2UAR18N,20,0,1,1,wlj617jy,,,,,3YLTXLH3DFLO9Q3OXOAQDUPFNWIHP4,3PUN5J88E7Q1F6QW4EKD7X76U3VADO,,0
21,uh33a17l,,0,9,10,ultimatum_customer,1,Results,10.43.206.154,2017-02-20 01:17:24.298280+00:00,0,1,A1OR3EL76SYRI9,32ZKVD547G2AX8T9P08O30F000Q3BG,21,0,1,1,wlj617jy,,,,,3YLTXLH3DFLO9Q3OXOAQDUPFNWIHP4,3PUN5J88E7Q1F6QW4EKD7X76U3VADO,,0
22,mncdy23l,,0,3,10,consent_start3,1,Proceed,10.158.162.94,2017-02-20 01:19:02.743730+00:00,0,1,A2ZW029G7AOF3B,3X66WABAJXX6OP1K5M024B6XGDI3GX,22,0,1,1,wlj617jy,,,,,3YLTXLH3DFLO9Q3OXOAQDUPFNWIHP4,3PUN5J88E7Q1F6QW4EKD7X76U3VADO,,0
23,sdjp3lxe,,0,9,10,ultimatum_customer,1,Results,10.102.138.94,2017-02-20 01:19:11.587142+00:00,0,1,AJBQ5XEHIF9Z1,3SEPORI8WOE6ZRVA4T31CQ09XD4AZP,23,0,1,1,wlj617jy,,,,,3YLTXLH3DFLO9Q3OXOAQDUPFNWIHP4,3PUN5J88E7Q1F6QW4EKD7X76U3VADO,,0
24,vwzesj1q,,0,11,10,ultimatum_customer,1,Validation,10.238.25.185,2017-02-20 01:20:45.070825+00:00,0,1,A3K6V27ZCPYCUC,3TMSXRD2X7F6B8D5XNQ12LDOCHU1W2,24,0,1,1,wlj617jy,,,,,3YLTXLH3DFLO9Q3OXOAQDUPFNWIHP4,3PUN5J88E7Q1F6QW4EKD7X76U3VADO,,0
25,2smd1nsv,,0,3,10,consent_start3,1,Proceed,10.109.163.176,2017-02-20 01:20:49.884447+00:00,0,1,A29GNU19VJN3Q6,3ZV9H2YQQEM2LBRKKR4KQESLA183WW,25,0,1,1,wlj617jy,,,,,3YLTXLH3DFLO9Q3OXOAQDUPFNWIHP4,3PUN5J88E7Q1F6QW4EKD7X76U3VADO,,0
26,7xf39o3e,,0,11,10,ultimatum_customer,1,Validation,10.150.73.107,2017-02-20 01:21:41.267101+00:00,0,1,A3QNCW3LR2AVOV,3180JW2OT5RJT6EPRB9YGLWXM1QJ57,26,0,1,1,wlj617jy,,,,,3YLTXLH3DFLO9Q3OXOAQDUPFNWIHP4,3PUN5J88E7Q1F6QW4EKD7X76U3VADO,,0
27,zr33yzqd,,0,3,10,consent_start3,1,Proceed,10.149.111.149,2017-02-20 01:22:09.988722+00:00,0,1,A314XJY8V1YL12,3KKG4CDWKJDCRBXGRUZBMZCGQ0J49S,27,0,1,1,wlj617jy,,,,,3YLTXLH3DFLO9Q3OXOAQDUPFNWIHP4,3PUN5J88E7Q1F6QW4EKD7X76U3VADO,,0
28,udekdxg6,,0,11,10,ultimatum_customer,1,Validation,10.152.65.114,2017-02-20 01:24:14.857558+00:00,0,1,A2S3T3G3LQLSZX,3QJOXOW4XK69QXD359FT07UR3OKEM7,28,0,1,1,wlj617jy,,,,,3YLTXLH3DFLO9Q3OXOAQDUPFNWIHP4,3PUN5J88E7Q1F6QW4EKD7X76U3VADO,,0
29,zbuda95p,,0,11,10,ultimatum_customer,1,Validation,10.45.85.125,2017-02-20 01:24:51.643741+00:00,0,1,A1RAWGJXKQOCMS,39N5ACM9HF2YG4JZPERZPXNBHWF9PO,29,0,1,1,wlj617jy,,,,,3YLTXLH3DFLO9Q3OXOAQDUPFNWIHP4,3PUN5J88E7Q1F6QW4EKD7X76U3VADO,,0
30,1ynko4lq,,0,3,10,consent_start3,1,Proceed,10.236.12.50,2017-02-20 01:25:25.445506+00:00,0,1,ADQ5G2XTCJBVY,3K3R2QNK8CIB89RV60QTZ3AAPD79UK,30,0,1,1,wlj617jy,,,,,3YLTXLH3DFLO9Q3OXOAQDUPFNWIHP4,3PUN5J88E7Q1F6QW4EKD7X76U3VADO,,0
31,t4k91m66,,0,11,10,ultimatum_customer,1,Validation,10.140.231.210,2017-02-20 01:26:36.718640+00:00,0,1,A151IWEMV5XRTA,3I33IC7ZWGHGTGSYFMUNPFQ2C45A2H,31,0,1,1,wlj617jy,,,,,3YLTXLH3DFLO9Q3OXOAQDUPFNWIHP4,3PUN5J88E7Q1F6QW4EKD7X76U3VADO,,0
32,ew8rprmn,,0,11,10,ultimatum_customer,1,Validation,10.186.38.2,2017-02-20 01:26:37.884089+00:00,0,1,ACIZKR30ALBE5,3EO896NRAXALE8PFS7RWJ12B24CJTY,32,0,1,1,wlj617jy,,,,,3YLTXLH3DFLO9Q3OXOAQDUPFNWIHP4,3PUN5J88E7Q1F6QW4EKD7X76U3VADO,,0
33,0pnjrioc,,0,3,10,consent_start3,1,Proceed,10.146.110.248,2017-02-20 01:30:11.086319+00:00,0,1,A3WQ5HCLJU99H,35L9RVQFCPX4NF9E4CELCK8Y8QFHUI,33,0,1,1,wlj617jy,,,,,3YLTXLH3DFLO9Q3OXOAQDUPFNWIHP4,3PUN5J88E7Q1F6QW4EKD7X76U3VADO,,0
34,7gjz4wye,,0,11,10,ultimatum_customer,1,Validation,10.150.98.212,2017-02-20 01:35:15.068010+00:00,0,1,A41IPBF6AJGI9,34J10VATJGDCRHDHTLC12VCO5IOIQ7,34,0,1,1,wlj617jy,,,,,3YLTXLH3DFLO9Q3OXOAQDUPFNWIHP4,3PUN5J88E7Q1F6QW4EKD7X76U3VADO,,0
35,6ips7gis,,0,3,10,consent_start3,1,Proceed,10.81.229.55,2017-02-20 01:37:29.229441+00:00,0,1,A2KBS11262KH2Q,34J10VATJGDCRHDHTLC12VCO5IOQIF,35,0,1,1,wlj617jy,,,,,3YLTXLH3DFLO9Q3OXOAQDUPFNWIHP4,3PUN5J88E7Q1F6QW4EKD7X76U3VADO,,0
36,od5ulr2x,,0,3,10,consent_start3,1,Proceed,10.99.212.2,2017-02-20 01:40:33.921929+00:00,0,1,A214QUOIRYS868,3I0BTBYZAY0ATONNG54P9DFUIXP0YY,36,0,1,1,wlj617jy,,,,,3YLTXLH3DFLO9Q3OXOAQDUPFNWIHP4,3PUN5J88E7Q1F6QW4EKD7X76U3VADO,,0
37,fdtjvihj,,0,11,10,ultimatum_customer,1,Validation,10.154.45.231,2017-02-20 01:40:46.954480+00:00,0,1,AQO2CSOLX1F7S,39OWYR0EPL61QS2DJNNACK2YOZDYFZ,37,0,1,1,wlj617jy,,,,,3YLTXLH3DFLO9Q3OXOAQDUPFNWIHP4,3PUN5J88E7Q1F6QW4EKD7X76U3VADO,,0
38,67lr6bsq,,0,11,10,ultimatum_customer,1,Validation,10.136.154.140,2017-02-20 01:42:01.077406+00:00,0,1,A24TBC5O58WZ2B,39KFRKBFIOAVW5F6IQ60ZEBCG04YOL,38,0,1,1,wlj617jy,,,,,3YLTXLH3DFLO9Q3OXOAQDUPFNWIHP4,3PUN5J88E7Q1F6QW4EKD7X76U3VADO,,0
39,issvujcl,,0,3,10,consent_start3,1,Proceed,10.93.232.18,2017-02-20 01:48:00.481492+00:00,0,1,A1L5H5KX16J1LS,35K3O9HUACS3KNLMJMBG5HAI6N9EF1,39,0,1,1,wlj617jy,,,,,3YLTXLH3DFLO9Q3OXOAQDUPFNWIHP4,3PUN5J88E7Q1F6QW4EKD7X76U3VADO,,0
40,xf9jk74k,,0,3,10,consent_start3,1,Proceed,10.43.206.154,2017-02-20 01:48:51.105507+00:00,0,1,ARG392N6HWZCJ,33NF62TLXKHMBPZSYYD4IAFFJRMJKT,40,0,1,1,wlj617jy,,,,,3YLTXLH3DFLO9Q3OXOAQDUPFNWIHP4,3PUN5J88E7Q1F6QW4EKD7X76U3VADO,,0
41,wem95d1s,,0,11,10,ultimatum_customer,1,Validation,10.63.231.107,2017-02-20 01:48:53.920708+00:00,0,1,A2QNEIPNQBXZIZ,3ZPBJO59KQGI6DYSIHOW2K4AMQLHD9,41,0,1,1,wlj617jy,,,,,3YLTXLH3DFLO9Q3OXOAQDUPFNWIHP4,3PUN5J88E7Q1F6QW4EKD7X76U3VADO,,0
42,hoohrul1,,0,11,10,ultimatum_customer,1,Validation,10.69.198.55,2017-02-20 01:50:39.163550+00:00,0,1,A3B7TNVOISSZ2O,3KV0LJBBH30YZ1I8RFZTZETAIDBRMY,42,0,1,1,wlj617jy,,,,,3YLTXLH3DFLO9Q3OXOAQDUPFNWIHP4,3PUN5J88E7Q1F6QW4EKD7X76U3VADO,,0
43,120r5dx2,,0,11,10,ultimatum_customer,1,Validation,10.158.162.94,2017-02-20 01:50:49.352528+00:00,0,1,A3DZGDF9HCTAOB,3X65QVEQI12ANHB4968JA6FZI7ICLB,43,0,1,1,wlj617jy,,,,,3YLTXLH3DFLO9Q3OXOAQDUPFNWIHP4,3PUN5J88E7Q1F6QW4EKD7X76U3VADO,,0
44,o5du9h28,,0,11,10,ultimatum_customer,1,Validation,10.109.135.32,2017-02-20 01:54:17.574650+00:00,0,1,A2FLZZ8Z4YEOPR,3RYC5T2D7484K4FLJVRLGIN5NIMPRS,44,0,1,1,wlj617jy,,,,,3YLTXLH3DFLO9Q3OXOAQDUPFNWIHP4,3PUN5J88E7Q1F6QW4EKD7X76U3VADO,,0
45,bhsungm5,,0,9,10,ultimatum_customer,1,Results,10.97.201.159,2017-02-20 01:54:58.248913+00:00,0,1,A3TRHAG4OHCNHD,31IBVUNM9TEKMY78EC0Q5LY46ICFV8,45,0,1,1,wlj617jy,,,,,3YLTXLH3DFLO9Q3OXOAQDUPFNWIHP4,3PUN5J88E7Q1F6QW4EKD7X76U3VADO,,0
46,ofh98jkb,,0,11,10,ultimatum_customer,1,Validation,10.155.222.143,2017-02-20 01:56:42.667429+00:00,0,1,A1SO9R81HMMIQD,34BBWHLWHBQHBE935UB7UKUATJ6IWC,46,0,1,1,wlj617jy,,,,,3YLTXLH3DFLO9Q3OXOAQDUPFNWIHP4,3PUN5J88E7Q1F6QW4EKD7X76U3VADO,,0
47,j5ljsu9k,,0,11,10,ultimatum_customer,1,Validation,10.37.191.73,2017-02-20 01:57:12.210192+00:00,0,1,A22Q2NUNHP6HMT,3M1CVSFP61KXLZUJHXKOLXO5SAKQAC,47,0,1,1,wlj617jy,,,,,3YLTXLH3DFLO9Q3OXOAQDUPFNWIHP4,3PUN5J88E7Q1F6QW4EKD7X76U3VADO,,0
48,y1o0saxm,,0,11,10,ultimatum_customer,1,Validation,10.169.124.243,2017-02-20 01:58:18.300304+00:00,0,1,A11DGC3WVXQB11,3DR23U6WE6TD3S3NE6G5MLPJXWHTEO,48,0,1,1,wlj617jy,,,,,3YLTXLH3DFLO9Q3OXOAQDUPFNWIHP4,3PUN5J88E7Q1F6QW4EKD7X76U3VADO,,0
49,361b79on,,0,9,10,ultimatum_customer,1,Results,10.155.222.143,2017-02-20 02:00:02.812788+00:00,0,1,A3KCZB9IL6CVH,33UKMF931AZFSBLK4150L7PK064TTE,49,0,1,1,wlj617jy,,,,,3YLTXLH3DFLO9Q3OXOAQDUPFNWIHP4,3PUN5J88E7Q1F6QW4EKD7X76U3VADO,,0
50,qnuqxux6,,0,11,10,ultimatum_customer,1,Validation,10.154.45.231,2017-02-20 02:01:19.629096+00:00,0,1,AQAT6JH563XO1,3HVVDCPGTF7B9XKEE7SZTOHZF8MYT8,50,0,1,1,wlj617jy,,,,,3YLTXLH3DFLO9Q3OXOAQDUPFNWIHP4,3PUN5J88E7Q1F6QW4EKD7X76U3VADO,,0
51,gvh4i11r,,0,3,10,consent_start3,1,Proceed,10.16.227.41,2017-02-20 02:07:59.452286+00:00,0,1,A23KWI5P9WYEBZ,33FOTY3KEN0XXA70GWQ0QR6LK1EC16,51,0,1,1,wlj617jy,,,,,3YLTXLH3DFLO9Q3OXOAQDUPFNWIHP4,3PUN5J88E7Q1F6QW4EKD7X76U3VADO,,0
52,rx66akla,,0,9,10,ultimatum_customer,1,Results,10.154.45.231,2017-02-20 02:10:54.497449+00:00,0,1,A3MGT5W3JD5V89,3ERET4BTVNOX5DMJCMMRTG1CNMBK90,52,0,1,1,wlj617jy,,,,,3YLTXLH3DFLO9Q3OXOAQDUPFNWIHP4,3PUN5J88E7Q1F6QW4EKD7X76U3VADO,,0
53,51pci1th,,0,11,10,ultimatum_customer,1,Validation,10.152.233.4,2017-02-20 02:11:46.076125+00:00,0,1,A3DU7K7HAS3VUF,3CPLWGV3MPEYDJ7M9ZE7L8IGHHGN98,53,0,1,1,wlj617jy,,,,,3YLTXLH3DFLO9Q3OXOAQDUPFNWIHP4,3PUN5J88E7Q1F6QW4EKD7X76U3VADO,,0
54,xwwphdfj,,0,11,10,ultimatum_customer,1,Validation,10.186.38.2,2017-02-20 02:12:11.742639+00:00,0,1,A3MHYBS6PHJ5QG,35L9RVQFCPX4NF9E4CELCK8Y8QHUHX,54,0,1,1,wlj617jy,,,,,3YLTXLH3DFLO9Q3OXOAQDUPFNWIHP4,3PUN5J88E7Q1F6QW4EKD7X76U3VADO,,0
55,29m5xgna,,0,11,10,ultimatum_customer,1,Validation,10.43.197.52,2017-02-20 02:13:39.602715+00:00,0,1,A23D936C6QLI2D,3QUO65DNQV3EFWV18P9BWT5ZKCVUOL,55,0,1,1,wlj617jy,,,,,3YLTXLH3DFLO9Q3OXOAQDUPFNWIHP4,3PUN5J88E7Q1F6QW4EKD7X76U3VADO,,0
56,99lo02a3,,0,11,10,ultimatum_customer,1,Validation,10.167.67.198,2017-02-20 02:13:54.870312+00:00,0,1,ALGT35T85XA2O,3MX2NQ3YCA9KOQJE8FOZ7U4CXZ7X5B,56,0,1,1,wlj617jy,,,,,3YLTXLH3DFLO9Q3OXOAQDUPFNWIHP4,3PUN5J88E7Q1F6QW4EKD7X76U3VADO,,0
57,lnovdy3r,,0,9,10,ultimatum_customer,1,Results,10.138.121.5,2017-02-20 02:13:56.311576+00:00,0,1,AUG2YR37BY9BK,3EG49X351VRG7UJSDYY4Z0ICTUIX6R,57,0,1,1,wlj617jy,,,,,3YLTXLH3DFLO9Q3OXOAQDUPFNWIHP4,3PUN5J88E7Q1F6QW4EKD7X76U3VADO,,0
58,31dtitas,,0,3,10,consent_start3,1,Proceed,10.69.205.24,2017-02-20 02:14:47.944035+00:00,0,1,ASPZPHE6ELR8K,3C6FJU71TR8Q9AZ3ECI9YK31YMUUYW,58,0,1,1,wlj617jy,,,,,3YLTXLH3DFLO9Q3OXOAQDUPFNWIHP4,3PUN5J88E7Q1F6QW4EKD7X76U3VADO,,0
59,gimtqn5r,,0,11,10,ultimatum_customer,1,Validation,10.109.176.159,2017-02-20 02:15:52.328517+00:00,0,1,A1G331HUXOSJAM,354GIDR5ZCLDWTR28XTGHLLA6KC00Z,59,0,1,1,wlj617jy,,,,,3YLTXLH3DFLO9Q3OXOAQDUPFNWIHP4,3PUN5J88E7Q1F6QW4EKD7X76U3VADO,,0
60,bmr4wkyl,,0,9,10,ultimatum_customer,1,Results,10.158.177.57,2017-02-20 02:17:50.520616+00:00,0,1,A27YDWLIX3XKZI,3EF8EXOTT2AK5OD6QO7MDVJGALNJ1R,60,0,1,1,wlj617jy,,,,,3YLTXLH3DFLO9Q3OXOAQDUPFNWIHP4,3PUN5J88E7Q1F6QW4EKD7X76U3VADO,,0
61,5sj333yd,,0,9,10,ultimatum_customer,1,Results,10.150.135.91,2017-02-20 02:18:37.382924+00:00,0,1,A2OASE2MDS2L2F,33L7PJKHCHDWURTW13U5UBTXMTKT8Q,61,0,1,1,wlj617jy,,,,,3YLTXLH3DFLO9Q3OXOAQDUPFNWIHP4,3PUN5J88E7Q1F6QW4EKD7X76U3VADO,,0
62,eiplkm32,,0,9,10,ultimatum_customer,1,Results,10.69.205.24,2017-02-20 02:19:08.995301+00:00,0,1,A3VGVIXUXNBUMS,33L7PJKHCHDWURTW13U5UBTXMTKT8Q,62,0,1,1,wlj617jy,,,,,3YLTXLH3DFLO9Q3OXOAQDUPFNWIHP4,3PUN5J88E7Q1F6QW4EKD7X76U3VADO,,0
63,jtzz7z4x,,0,11,10,ultimatum_customer,1,Validation,10.109.132.249,2017-02-20 02:19:52.627036+00:00,0,1,A1HHQL4N00WU03,3ZSY5X72NYQMZ43K4VE6RIIFDDRORB,63,0,1,1,wlj617jy,,,,,3YLTXLH3DFLO9Q3OXOAQDUPFNWIHP4,3PUN5J88E7Q1F6QW4EKD7X76U3VADO,,0
64,6w7p9khp,,0,11,10,ultimatum_customer,1,Validation,10.152.74.104,2017-02-20 02:20:00.792650+00:00,0,1,A2NBZI2FJVT4HD,3PJUZCGDJ7VDACKI3XPO3BSLSMI896,64,0,1,1,wlj617jy,,,,,3YLTXLH3DFLO9Q3OXOAQDUPFNWIHP4,3PUN5J88E7Q1F6QW4EKD7X76U3VADO,,0
65,mcgxb4va,,0,11,10,ultimatum_customer,1,Validation,10.81.172.78,2017-02-20 02:20:30.323811+00:00,0,1,A2YC6KXIBSZRI,3JCG6DTRV45P8F106THABX3AWS7QQK,65,0,1,1,wlj617jy,,,,,3YLTXLH3DFLO9Q3OXOAQDUPFNWIHP4,3PUN5J88E7Q1F6QW4EKD7X76U3VADO,,0
66,t9kukc60,,0,9,10,ultimatum_customer,1,Results,10.179.235.253,2017-02-20 02:20:58.636395+00:00,0,1,A174BCWX0VMM1B,3I3WADAZ9RJXUH5M7O13OHDJLV35OF,66,0,1,1,wlj617jy,,,,,3YLTXLH3DFLO9Q3OXOAQDUPFNWIHP4,3PUN5J88E7Q1F6QW4EKD7X76U3VADO,,0
67,lu91xnhm,,0,11,10,ultimatum_customer,1,Validation,10.16.187.240,2017-02-20 02:22:19.747431+00:00,0,1,A1NGJPPQF8XD1N,3PW9OPU9PRZKZSFYJ31UEEXZ8A212N,67,0,1,1,wlj617jy,,,,,3YLTXLH3DFLO9Q3OXOAQDUPFNWIHP4,3PUN5J88E7Q1F6QW4EKD7X76U3VADO,,0
68,35po40gm,,0,3,10,consent_start3,1,Proceed,10.43.180.138,2017-02-20 02:24:45.916531+00:00,0,1,A2XUADP5L61HQ5,3EG49X351VRG7UJSDYY4Z0ICTUIX6R,68,0,1,1,wlj617jy,,,,,3YLTXLH3DFLO9Q3OXOAQDUPFNWIHP4,3PUN5J88E7Q1F6QW4EKD7X76U3VADO,,0
69,leqcrvdv,,0,9,10,ultimatum_customer,1,Results,10.41.215.197,2017-02-20 02:27:43.892386+00:00,0,1,A2CDET5JON4S6K,3RKNTXVS3NDQWU7LJ0DBIUN0WI44AA,69,0,1,1,wlj617jy,,,,,3YLTXLH3DFLO9Q3OXOAQDUPFNWIHP4,3PUN5J88E7Q1F6QW4EKD7X76U3VADO,,0
70,8znvlbcn,,0,3,10,consent_start3,1,Proceed,10.81.229.55,2017-02-20 02:28:16.364482+00:00,0,1,A3GOQUS44NGRMX,3M68NM076IMWAYXG4ZSCAIWOSDY6R5,70,0,1,1,wlj617jy,,,,,3YLTXLH3DFLO9Q3OXOAQDUPFNWIHP4,3PUN5J88E7Q1F6QW4EKD7X76U3VADO,,0
71,vmg2vbb0,,0,9,10,ultimatum_customer,1,Results,10.109.176.159,2017-02-20 02:30:27.034611+00:00,0,1,A6ORRFI3XOACA,32RIADZISTJUWQTF00Z23UH6IOB4S6,71,0,1,1,wlj617jy,,,,,3YLTXLH3DFLO9Q3OXOAQDUPFNWIHP4,3PUN5J88E7Q1F6QW4EKD7X76U3VADO,,0
72,v01z9rp2,,0,9,10,ultimatum_customer,1,Results,10.71.208.240,2017-02-20 02:31:25.117811+00:00,0,1,A1NBMA287PWN0T,3NJM2BJS4XL0E2Q21Y1QRNOJNHLCPB,72,0,1,1,wlj617jy,,,,,3YLTXLH3DFLO9Q3OXOAQDUPFNWIHP4,3PUN5J88E7Q1F6QW4EKD7X76U3VADO,,0
73,oluf3sat,,0,11,10,ultimatum_customer,1,Validation,10.43.197.52,2017-02-20 02:31:31.542897+00:00,0,1,A110BZSDZN7E16,336YQZE83WT9UEKAU8MQWDOEQVOM5H,73,0,1,1,wlj617jy,,,,,3YLTXLH3DFLO9Q3OXOAQDUPFNWIHP4,3PUN5J88E7Q1F6QW4EKD7X76U3VADO,,0
74,lr3dbi0d,,0,11,10,ultimatum_customer,1,Validation,10.93.232.18,2017-02-20 02:32:37.239114+00:00,0,1,AYDCUW23NUJMP,3LRLIPTPEROBAWWO4S0RPBCWT4UAK6,74,0,1,1,wlj617jy,,,,,3YLTXLH3DFLO9Q3OXOAQDUPFNWIHP4,3PUN5J88E7Q1F6QW4EKD7X76U3VADO,,0
75,yv138lgc,,0,11,10,ultimatum_customer,1,Validation,10.186.81.42,2017-02-20 02:32:46.613394+00:00,0,1,A2UWMGQWV1FBJ8,3LUY3GC630FU2LV6AHTFB1W5M6UP7V,75,0,1,1,wlj617jy,,,,,3YLTXLH3DFLO9Q3OXOAQDUPFNWIHP4,3PUN5J88E7Q1F6QW4EKD7X76U3VADO,,0
76,4zkrjc28,,0,9,10,ultimatum_customer,1,Results,10.155.222.143,2017-02-20 02:32:51.125581+00:00,0,1,A2JHF7CU91EVXW,3R2PKQ87NXNL62FP1S5KLMSJVHUMIR,76,0,1,1,wlj617jy,,,,,3YLTXLH3DFLO9Q3OXOAQDUPFNWIHP4,3PUN5J88E7Q1F6QW4EKD7X76U3VADO,,0
77,i3311336,,0,11,10,ultimatum_customer,1,Validation,10.140.231.210,2017-02-20 02:33:16.740385+00:00,0,1,A2BEBSKRACN0KA,3BC8WZX3V4BPWHV0WNVALDNKO0CRRO,77,0,1,1,wlj617jy,,,,,3YLTXLH3DFLO9Q3OXOAQDUPFNWIHP4,3PUN5J88E7Q1F6QW4EKD7X76U3VADO,,0
78,c9dasdq2,,0,11,10,ultimatum_customer,1,Validation,10.150.135.91,2017-02-20 02:33:28.123149+00:00,0,1,A3JNNX7MT0XPEW,3FFJ6VRIL23O3O8ICNIMNPL6SETI0C,78,0,1,1,wlj617jy,,,,,3YLTXLH3DFLO9Q3OXOAQDUPFNWIHP4,3PUN5J88E7Q1F6QW4EKD7X76U3VADO,,0
79,6iv0g5ny,,0,11,10,ultimatum_customer,1,Validation,10.138.121.5,2017-02-20 02:34:59.472513+00:00,0,1,A3K7GPG90ZJ8A,3N4BPTXIO97VP5AMAXHIPCOQ07MUK2,79,0,1,1,wlj617jy,,,,,3YLTXLH3DFLO9Q3OXOAQDUPFNWIHP4,3PUN5J88E7Q1F6QW4EKD7X76U3VADO,,0
80,1er0l0tc,,0,11,10,ultimatum_customer,1,Validation,10.236.12.50,2017-02-20 02:35:17.129079+00:00,0,1,A3G6M0DR9IX32J,39ZSFO5CA9B0EL44SCH6OXODLIMUJ3,80,0,1,1,wlj617jy,,,,,3YLTXLH3DFLO9Q3OXOAQDUPFNWIHP4,3PUN5J88E7Q1F6QW4EKD7X76U3VADO,,0
81,u83c3xkw,,0,11,10,ultimatum_customer,1,Validation,10.63.30.96,2017-02-20 02:36:31.493165+00:00,0,1,A3QM5J2H1DMON5,3ZSANO2JCGM4U6Q4KHVLUYEX7EKSFI,81,0,1,1,wlj617jy,,,,,3YLTXLH3DFLO9Q3OXOAQDUPFNWIHP4,3PUN5J88E7Q1F6QW4EKD7X76U3VADO,,0
82,5lwoknhl,,0,9,10,ultimatum_customer,1,Results,10.69.205.24,2017-02-20 02:37:22.352587+00:00,0,1,A2IE8K871N2FRB,3LRKMWOKB6WHUO06REAM68HBLPG2ZE,82,0,1,1,wlj617jy,,,,,3YLTXLH3DFLO9Q3OXOAQDUPFNWIHP4,3PUN5J88E7Q1F6QW4EKD7X76U3VADO,,0
83,as1az3f3,,0,11,10,ultimatum_customer,1,Validation,10.138.143.17,2017-02-20 02:42:09.690049+00:00,0,1,A3BAYZ4MLWNN5A,3KYQYYSHYWMSYUKFMUJMMT1BYC1OD6,83,0,1,1,wlj617jy,,,,,3YLTXLH3DFLO9Q3OXOAQDUPFNWIHP4,3PUN5J88E7Q1F6QW4EKD7X76U3VADO,,0
84,g5bjbag6,,0,9,10,ultimatum_customer,1,Results,10.155.222.143,2017-02-20 03:14:09.955957+00:00,0,1,ARQVX5N01PRSF,3SPJ033422IHVUO92DEVRIUQH6ZJYS,84,0,1,1,wlj617jy,,,,,3YLTXLH3DFLO9Q3OXOAQDUPFNWIHP4,3PUN5J88E7Q1F6QW4EKD7X76U3VADO,,0
85,gw2hoprq,,0,11,10,ultimatum_customer,1,Validation,10.138.140.172,2017-02-20 03:18:17.902591+00:00,0,1,ARQA90W3DRJCB,3G5W44VEU8XCKN9RQSS1LXNZRZ9KGU,85,0,1,1,wlj617jy,,,,,3YLTXLH3DFLO9Q3OXOAQDUPFNWIHP4,3PUN5J88E7Q1F6QW4EKD7X76U3VADO,,0
86,7bjd2cff,,0,11,10,ultimatum_customer,1,Validation,10.142.27.17,2017-02-20 03:33:43.376341+00:00,0,1,A3QLRC0K1HG9E0,3SLE99ER0OSBI102A73X71KFFVUZBE,86,0,1,1,wlj617jy,,,,,3YLTXLH3DFLO9Q3OXOAQDUPFNWIHP4,3PUN5J88E7Q1F6QW4EKD7X76U3VADO,,0
87,32c038ka,,0,9,10,ultimatum_customer,1,Results,10.190.139.180,2017-02-20 03:38:52.913494+00:00,0,1,A29DTOJJVU7GCA,3KMS4QQVK3566NDWF8MJ3CNNQKAKFW,87,0,1,1,wlj617jy,,,,,3YLTXLH3DFLO9Q3OXOAQDUPFNWIHP4,3PUN5J88E7Q1F6QW4EKD7X76U3VADO,,0
88,d0c007ix,,0,11,10,ultimatum_customer,1,Validation,10.167.190.210,2017-02-20 04:42:04.857315+00:00,0,1,A5T9IFDZ3W4T6,3UXUOQ9OKFCNFHP4LYBIL67ANK07A3,88,0,1,1,wlj617jy,,,,,3YLTXLH3DFLO9Q3OXOAQDUPFNWIHP4,3PUN5J88E7Q1F6QW4EKD7X76U3VADO,,0
89,0pah0am8,,0,0,10,,,,,,0,0,,,89,0,1,1,wlj617jy,,,,,3YLTXLH3DFLO9Q3OXOAQDUPFNWIHP4,3PUN5J88E7Q1F6QW4EKD7X76U3VADO,,0
90,azl2sigf,,0,0,10,,,,,,0,0,,,90,0,1,1,wlj617jy,,,,,3YLTXLH3DFLO9Q3OXOAQDUPFNWIHP4,3PUN5J88E7Q1F6QW4EKD7X76U3VADO,,0
91,g07x7wfs,,0,0,10,,,,,,0,0,,,91,0,1,1,wlj617jy,,,,,3YLTXLH3DFLO9Q3OXOAQDUPFNWIHP4,3PUN5J88E7Q1F6QW4EKD7X76U3VADO,,0
92,dv7kk2yh,,0,0,10,,,,,,0,0,,,92,0,1,1,wlj617jy,,,,,3YLTXLH3DFLO9Q3OXOAQDUPFNWIHP4,3PUN5J88E7Q1F6QW4EKD7X76U3VADO,,0
93,7e8ixbpa,,0,0,10,,,,,,0,0,,,93,0,1,1,wlj617jy,,,,,3YLTXLH3DFLO9Q3OXOAQDUPFNWIHP4,3PUN5J88E7Q1F6QW4EKD7X76U3VADO,,0
94,oenqzy68,,0,0,10,,,,,,0,0,,,94,0,1,1,wlj617jy,,,,,3YLTXLH3DFLO9Q3OXOAQDUPFNWIHP4,3PUN5J88E7Q1F6QW4EKD7X76U3VADO,,0
95,352q9yd3,,0,0,10,,,,,,0,0,,,95,0,1,1,wlj617jy,,,,,3YLTXLH3DFLO9Q3OXOAQDUPFNWIHP4,3PUN5J88E7Q1F6QW4EKD7X76U3VADO,,0
96,w69n8s0o,,0,0,10,,,,,,0,0,,,96,0,1,1,wlj617jy,,,,,3YLTXLH3DFLO9Q3OXOAQDUPFNWIHP4,3PUN5J88E7Q1F6QW4EKD7X76U3VADO,,0
97,9ld1zoum,,0,0,10,,,,,,0,0,,,97,0,1,1,wlj617jy,,,,,3YLTXLH3DFLO9Q3OXOAQDUPFNWIHP4,3PUN5J88E7Q1F6QW4EKD7X76U3VADO,,0
98,7rqazbeq,,0,0,10,,,,,,0,0,,,98,0,1,1,wlj617jy,,,,,3YLTXLH3DFLO9Q3OXOAQDUPFNWIHP4,3PUN5J88E7Q1F6QW4EKD7X76U3VADO,,0
99,90uqg81c,,0,0,10,,,,,,0,0,,,99,0,1,1,wlj617jy,,,,,3YLTXLH3DFLO9Q3OXOAQDUPFNWIHP4,3PUN5J88E7Q1F6QW4EKD7X76U3VADO,,0
100,jzp4ur3o,,0,0,10,,,,,,0,0,,,100,0,1,1,wlj617jy,,,,,3YLTXLH3DFLO9Q3OXOAQDUPFNWIHP4,3PUN5J88E7Q1F6QW4EKD7X76U3VADO,,0
