session_id,participant__id_in_session,participant__code,page_index,app_name,page_name,time_stamp,seconds_on_page,subsession_pk,auto_submitted
4,1,3xuhihea,1,consent_start,Consent,1486429594,3,4,False
4,1,3xuhihea,2,consent_start,Introduction,1486429601,7,4,False
4,1,3xuhihea,3,ultimatum_t1,WaitToStart,1486429611,10,4,False
4,1,3xuhihea,4,ultimatum_t1,Offer,1486429640,29,4,False
4,1,3xuhihea,5,ultimatum_t1,WaitForProposer,1486429640,0,4,False
4,1,3xuhihea,7,ultimatum_t1,ResultsWaitPage,1486429645,5,4,False
4,1,3xuhihea,8,ultimatum_t1,Results,1486429657,12,4,False
4,1,3xuhihea,9,ultimatum_t1,Validation,1486429660,3,4,False
4,2,4kylo1qh,1,consent_start,Consent,1486429608,3,4,False
4,2,4kylo1qh,2,consent_start,Introduction,1486429610,2,4,False
4,2,4kylo1qh,3,ultimatum_t1,WaitToStart,1486429611,1,4,False
4,2,4kylo1qh,5,ultimatum_t1,WaitForProposer,1486429640,29,4,False
4,2,4kylo1qh,6,ultimatum_t1,Accept,1486429644,4,4,False
4,2,4kylo1qh,7,ultimatum_t1,ResultsWaitPage,1486429644,0,4,False
4,2,4kylo1qh,8,ultimatum_t1,Results,1486429664,20,4,False
4,2,4kylo1qh,9,ultimatum_t1,Validation,1486429666,2,4,False
6,1,oem4mq5u,1,consent_start,Consent,1486430171,196,6,False
6,1,oem4mq5u,2,consent_start,Introduction,1486430198,27,6,False
6,1,oem4mq5u,3,ultimatum_t1,WaitToStart,1486430199,1,6,False
6,1,oem4mq5u,4,ultimatum_t1,Offer,1486430220,21,6,False
6,1,oem4mq5u,5,ultimatum_t1,WaitForProposer,1486430221,1,6,False
6,1,oem4mq5u,7,ultimatum_t1,ResultsWaitPage,1486430247,26,6,False
6,1,oem4mq5u,8,ultimatum_t1,Results,1486430499,252,6,False
6,1,oem4mq5u,9,ultimatum_t1,Validation,1486430505,6,6,False
6,2,g6cnt1y3,1,consent_start,Consent,1486432627,2651,6,False
6,2,g6cnt1y3,2,consent_start,Introduction,1486432632,5,6,False
6,2,g6cnt1y3,3,ultimatum_t1,WaitToStart,1486432633,1,6,False
6,2,g6cnt1y3,4,ultimatum_t1,Offer,1486432637,4,6,False
6,2,g6cnt1y3,5,ultimatum_t1,WaitForProposer,1486432637,0,6,False
6,3,0nqlbdw8,1,consent_start,Consent,1486430008,28,6,False
6,3,0nqlbdw8,2,consent_start,Introduction,1486430013,5,6,False
6,3,0nqlbdw8,3,ultimatum_t1,WaitToStart,1486430014,1,6,False
6,3,0nqlbdw8,4,ultimatum_t1,Offer,1486430020,6,6,False
6,3,0nqlbdw8,5,ultimatum_t1,WaitForProposer,1486430020,0,6,False
6,3,0nqlbdw8,7,ultimatum_t1,ResultsWaitPage,1486430026,6,6,False
6,3,0nqlbdw8,8,ultimatum_t1,Results,1486430182,156,6,False
6,3,0nqlbdw8,9,ultimatum_t1,Validation,1486430189,7,6,False
6,4,o9a3h2ln,1,consent_start,Consent,1486429993,11,6,False
6,4,o9a3h2ln,2,consent_start,Introduction,1486430012,19,6,False
6,4,o9a3h2ln,3,ultimatum_t1,WaitToStart,1486430014,2,6,False
6,4,o9a3h2ln,5,ultimatum_t1,WaitForProposer,1486430020,6,6,False
6,4,o9a3h2ln,6,ultimatum_t1,Accept,1486430026,6,6,False
6,4,o9a3h2ln,7,ultimatum_t1,ResultsWaitPage,1486430026,0,6,False
6,4,o9a3h2ln,8,ultimatum_t1,Results,1486430209,183,6,False
6,4,o9a3h2ln,9,ultimatum_t1,Validation,1486430217,8,6,False
6,5,6opjwik6,1,consent_start,Consent,1486430011,19,6,False
6,6,lgs84bjh,1,consent_start,Consent,1486430017,25,6,False
6,6,lgs84bjh,2,consent_start,Introduction,1486430093,76,6,False
6,6,lgs84bjh,3,ultimatum_t1,WaitToStart,1486430152,59,6,False
6,6,lgs84bjh,4,ultimatum_t1,Offer,1486430186,34,6,False
6,6,lgs84bjh,5,ultimatum_t1,WaitForProposer,1486430186,0,6,False
6,7,xfggk43l,1,consent_start,Consent,1486430452,454,6,False
6,7,xfggk43l,2,consent_start,Introduction,1486430474,22,6,False
6,7,xfggk43l,3,ultimatum_t1,WaitToStart,1486430506,32,6,False
6,7,xfggk43l,4,ultimatum_t1,Offer,1486430533,27,6,False
6,7,xfggk43l,5,ultimatum_t1,WaitForProposer,1486430533,0,6,False
6,7,xfggk43l,7,ultimatum_t1,ResultsWaitPage,1486430986,453,6,False
6,7,xfggk43l,8,ultimatum_t1,Results,1486431088,102,6,False
6,7,xfggk43l,9,ultimatum_t1,Validation,1486431091,3,6,False
6,8,fwcqlkum,1,consent_start,Consent,1486430018,18,6,False
6,8,fwcqlkum,2,consent_start,Introduction,1486430057,39,6,False
6,8,fwcqlkum,3,ultimatum_t1,WaitToStart,1486430088,31,6,False
6,8,fwcqlkum,4,ultimatum_t1,Offer,1486430116,28,6,False
6,8,fwcqlkum,5,ultimatum_t1,WaitForProposer,1486430117,1,6,False
6,8,fwcqlkum,7,ultimatum_t1,ResultsWaitPage,1486430127,10,6,False
6,8,fwcqlkum,8,ultimatum_t1,Results,1486430366,239,6,False
6,8,fwcqlkum,9,ultimatum_t1,Validation,1486430370,4,6,False
6,9,0xdceegk,1,consent_start,Consent,1486430502,500,6,False
6,9,0xdceegk,2,consent_start,Introduction,1486430506,4,6,False
6,9,0xdceegk,3,ultimatum_t1,WaitToStart,1486430506,0,6,False
6,9,0xdceegk,5,ultimatum_t1,WaitForProposer,1486430533,27,6,False
6,9,0xdceegk,6,ultimatum_t1,Accept,1486430953,420,6,False
6,9,0xdceegk,7,ultimatum_t1,ResultsWaitPage,1486430953,0,6,False
6,10,8c9ziynj,1,consent_start,Consent,1486430064,9,6,False
6,10,8c9ziynj,2,consent_start,Introduction,1486430086,22,6,False
6,10,8c9ziynj,3,ultimatum_t1,WaitToStart,1486430086,0,6,False
6,10,8c9ziynj,5,ultimatum_t1,WaitForProposer,1486430117,31,6,False
6,10,8c9ziynj,6,ultimatum_t1,Accept,1486430125,8,6,False
6,10,8c9ziynj,7,ultimatum_t1,ResultsWaitPage,1486430125,0,6,False
6,10,8c9ziynj,8,ultimatum_t1,Results,1486430227,102,6,False
6,10,8c9ziynj,9,ultimatum_t1,Validation,1486430230,3,6,False
6,11,o16akutt,1,consent_start,Consent,1486430092,36,6,False
6,11,o16akutt,2,consent_start,Introduction,1486430168,76,6,False
6,11,o16akutt,3,ultimatum_t1,WaitToStart,1486430178,10,6,False
6,11,o16akutt,4,ultimatum_t1,Offer,1486430206,28,6,False
6,11,o16akutt,5,ultimatum_t1,WaitForProposer,1486430206,0,6,False
6,11,o16akutt,7,ultimatum_t1,ResultsWaitPage,1486430223,17,6,False
6,11,o16akutt,8,ultimatum_t1,Results,1486430580,357,6,False
6,11,o16akutt,9,ultimatum_t1,Validation,1486430593,13,6,False
6,12,gycp7tls,1,consent_start,Consent,1486430148,21,6,False
6,12,gycp7tls,2,consent_start,Introduction,1486430152,4,6,False
6,12,gycp7tls,3,ultimatum_t1,WaitToStart,1486430152,0,6,False
6,13,aocvzrm4,1,consent_start,Consent,1486430147,16,6,False
6,13,aocvzrm4,2,consent_start,Introduction,1486430179,32,6,False
6,13,aocvzrm4,3,ultimatum_t1,WaitToStart,1486430199,20,6,False
6,13,aocvzrm4,5,ultimatum_t1,WaitForProposer,1486430221,22,6,False
6,13,aocvzrm4,6,ultimatum_t1,Accept,1486430247,26,6,False
6,13,aocvzrm4,7,ultimatum_t1,ResultsWaitPage,1486430247,0,6,False
6,13,aocvzrm4,8,ultimatum_t1,Results,1486430407,160,6,False
6,13,aocvzrm4,9,ultimatum_t1,Validation,1486430410,3,6,False
6,14,8pqsjm70,1,consent_start,Consent,1486430166,18,6,False
6,14,8pqsjm70,2,consent_start,Introduction,1486430178,12,6,False
6,14,8pqsjm70,3,ultimatum_t1,WaitToStart,1486430178,0,6,False
6,14,8pqsjm70,5,ultimatum_t1,WaitForProposer,1486430206,28,6,False
6,14,8pqsjm70,6,ultimatum_t1,Accept,1486430223,17,6,False
6,14,8pqsjm70,7,ultimatum_t1,ResultsWaitPage,1486430223,0,6,False
6,14,8pqsjm70,8,ultimatum_t1,Results,1486430437,214,6,False
6,14,8pqsjm70,9,ultimatum_t1,Validation,1486430444,7,6,False
6,15,10gmjhax,1,consent_start,Consent,1486430220,66,6,False
6,15,10gmjhax,2,consent_start,Introduction,1486430231,11,6,False
6,16,fpzfy64i,1,consent_start,Consent,1486430230,75,6,False
6,16,fpzfy64i,2,consent_start,Introduction,1486430250,20,6,False
6,16,fpzfy64i,3,ultimatum_t1,WaitToStart,1486430256,6,6,False
6,16,fpzfy64i,4,ultimatum_t1,Offer,1486430267,11,6,False
6,16,fpzfy64i,5,ultimatum_t1,WaitForProposer,1486430267,0,6,False
6,16,fpzfy64i,7,ultimatum_t1,ResultsWaitPage,1486430272,5,6,False
6,16,fpzfy64i,8,ultimatum_t1,Results,1486430607,335,6,False
6,16,fpzfy64i,9,ultimatum_t1,Validation,1486430611,4,6,False
6,18,188vx1sp,1,consent_start,Consent,1486430203,5,6,False
6,18,188vx1sp,2,consent_start,Introduction,1486430246,43,6,False
6,18,188vx1sp,3,ultimatum_t1,WaitToStart,1486430246,0,6,False
6,19,01be2f57,1,consent_start,Consent,1486430233,8,6,False
6,19,01be2f57,2,consent_start,Introduction,1486430256,23,6,False
6,19,01be2f57,3,ultimatum_t1,WaitToStart,1486430256,0,6,False
6,19,01be2f57,5,ultimatum_t1,WaitForProposer,1486430267,11,6,False
6,19,01be2f57,6,ultimatum_t1,Accept,1486430272,5,6,False
6,19,01be2f57,7,ultimatum_t1,ResultsWaitPage,1486430272,0,6,False
6,19,01be2f57,8,ultimatum_t1,Results,1486430454,182,6,False
6,19,01be2f57,9,ultimatum_t1,Validation,1486430458,4,6,False
6,21,cv304dkm,1,consent_start,Consent,1486430926,668,6,False
6,21,cv304dkm,2,consent_start,Introduction,1486430929,3,6,False
6,21,cv304dkm,3,ultimatum_t1,WaitToStart,1486430929,0,6,False
6,21,cv304dkm,4,ultimatum_t1,Offer,1486430939,10,6,False
6,21,cv304dkm,5,ultimatum_t1,WaitForProposer,1486430939,0,6,False
6,22,b5f414si,1,consent_start,Consent,1486430363,63,6,False
6,22,b5f414si,2,consent_start,Introduction,1486430377,14,6,False
6,22,b5f414si,3,ultimatum_t1,WaitToStart,1486430432,55,6,False
6,22,b5f414si,4,ultimatum_t1,Offer,1486430446,14,6,False
6,22,b5f414si,5,ultimatum_t1,WaitForProposer,1486430446,0,6,False
6,22,b5f414si,7,ultimatum_t1,ResultsWaitPage,1486430452,6,6,False
6,22,b5f414si,8,ultimatum_t1,Results,1486430592,140,6,False
6,22,b5f414si,9,ultimatum_t1,Validation,1486430596,4,6,False
6,23,ozykjkbk,1,consent_start,Consent,1486430355,15,6,False
6,25,fd39zye8,1,consent_start,Consent,1486430733,364,6,False
6,25,fd39zye8,2,consent_start,Introduction,1486430740,7,6,False
6,25,fd39zye8,3,ultimatum_t1,WaitToStart,1486430740,0,6,False
6,25,fd39zye8,4,ultimatum_t1,Offer,1486430747,7,6,False
6,25,fd39zye8,5,ultimatum_t1,WaitForProposer,1486430747,0,6,False
6,26,izizqg1y,1,consent_start,Consent,1486430770,385,6,False
6,26,izizqg1y,2,consent_start,Introduction,1486430803,33,6,False
6,26,izizqg1y,3,ultimatum_t1,WaitToStart,1486430931,128,6,False
6,26,izizqg1y,5,ultimatum_t1,WaitForProposer,1486430940,9,6,False
6,26,izizqg1y,6,ultimatum_t1,Accept,1486431417,477,6,False
6,26,izizqg1y,7,ultimatum_t1,ResultsWaitPage,1486431418,1,6,False
6,26,izizqg1y,8,ultimatum_t1,Results,1486431744,326,6,False
6,26,izizqg1y,9,ultimatum_t1,Validation,1486431780,36,6,False
6,27,tv2x6pdd,1,consent_start,Consent,1486430394,9,6,False
6,27,tv2x6pdd,2,consent_start,Introduction,1486430432,38,6,False
6,27,tv2x6pdd,3,ultimatum_t1,WaitToStart,1486430432,0,6,False
6,27,tv2x6pdd,5,ultimatum_t1,WaitForProposer,1486430446,14,6,False
6,27,tv2x6pdd,6,ultimatum_t1,Accept,1486430451,5,6,False
6,27,tv2x6pdd,7,ultimatum_t1,ResultsWaitPage,1486430451,0,6,False
6,27,tv2x6pdd,8,ultimatum_t1,Results,1486430588,137,6,False
6,27,tv2x6pdd,9,ultimatum_t1,Validation,1486430591,3,6,False
6,28,otwzejjw,1,consent_start,Consent,1486430525,37,6,False
6,28,otwzejjw,2,consent_start,Introduction,1486430713,188,6,False
6,28,otwzejjw,3,ultimatum_t1,WaitToStart,1486430713,0,6,False
6,28,otwzejjw,4,ultimatum_t1,Offer,1486430782,69,6,False
6,28,otwzejjw,5,ultimatum_t1,WaitForProposer,1486430783,1,6,False
6,28,otwzejjw,7,ultimatum_t1,ResultsWaitPage,1486430791,8,6,False
6,28,otwzejjw,8,ultimatum_t1,Results,1486431202,411,6,False
6,28,otwzejjw,9,ultimatum_t1,Validation,1486431213,11,6,False
6,29,59vht5k4,1,consent_start,Consent,1486430552,25,6,False
6,29,59vht5k4,2,consent_start,Introduction,1486430596,44,6,False
6,29,59vht5k4,3,ultimatum_t1,WaitToStart,1486430596,0,6,False
6,29,59vht5k4,4,ultimatum_t1,Offer,1486430617,21,6,False
6,30,jundxl34,1,consent_start,Consent,1486430567,39,6,False
6,30,jundxl34,2,consent_start,Introduction,1486430775,208,6,False
6,30,jundxl34,3,ultimatum_t1,WaitToStart,1486430788,13,6,False
6,30,jundxl34,4,ultimatum_t1,Offer,1486430836,48,6,False
6,30,jundxl34,5,ultimatum_t1,WaitForProposer,1486430836,0,6,False
6,31,fw7szbqq,1,consent_start,Consent,1486430557,9,6,False
6,31,fw7szbqq,2,consent_start,Introduction,1486430567,10,6,False
6,32,b1naomz1,1,consent_start,Consent,1486432064,1461,6,False
6,32,b1naomz1,2,consent_start,Introduction,1486432067,3,6,False
6,32,b1naomz1,3,ultimatum_t1,WaitToStart,1486432071,4,6,False
6,32,b1naomz1,4,ultimatum_t1,Offer,1486432079,8,6,False
6,32,b1naomz1,5,ultimatum_t1,WaitForProposer,1486432079,0,6,False
6,32,b1naomz1,7,ultimatum_t1,ResultsWaitPage,1486432094,15,6,False
6,32,b1naomz1,8,ultimatum_t1,Results,1486432222,128,6,False
6,32,b1naomz1,9,ultimatum_t1,Validation,1486432224,2,6,False
6,33,pjzqbfts,1,consent_start,Consent,1486430651,10,6,False
6,33,pjzqbfts,2,consent_start,Introduction,1486430723,72,6,False
6,33,pjzqbfts,3,ultimatum_t1,WaitToStart,1486430741,18,6,False
6,33,pjzqbfts,5,ultimatum_t1,WaitForProposer,1486430747,6,6,False
6,34,7f1lo0ol,1,consent_start,Consent,1486430676,9,6,False
6,34,7f1lo0ol,2,consent_start,Introduction,1486430706,30,6,False
6,34,7f1lo0ol,3,ultimatum_t1,WaitToStart,1486430714,8,6,False
6,34,7f1lo0ol,5,ultimatum_t1,WaitForProposer,1486430783,69,6,False
6,34,7f1lo0ol,6,ultimatum_t1,Accept,1486430789,6,6,False
6,34,7f1lo0ol,7,ultimatum_t1,ResultsWaitPage,1486430789,0,6,False
6,34,7f1lo0ol,8,ultimatum_t1,Results,1486430972,183,6,False
6,34,7f1lo0ol,9,ultimatum_t1,Validation,1486430976,4,6,False
6,35,wdncp0bt,1,consent_start,Consent,1486432032,1310,6,False
6,35,wdncp0bt,2,consent_start,Introduction,1486432038,6,6,False
6,35,wdncp0bt,3,ultimatum_t1,WaitToStart,1486432052,14,6,False
6,35,wdncp0bt,4,ultimatum_t1,Offer,1486432060,8,6,False
6,35,wdncp0bt,5,ultimatum_t1,WaitForProposer,1486432060,0,6,False
6,35,wdncp0bt,7,ultimatum_t1,ResultsWaitPage,1486432066,6,6,False
6,35,wdncp0bt,8,ultimatum_t1,Results,1486432203,137,6,False
6,35,wdncp0bt,9,ultimatum_t1,Validation,1486432206,3,6,False
6,36,62yibu3z,1,consent_start,Consent,1486430783,12,6,False
6,36,62yibu3z,2,consent_start,Introduction,1486430787,4,6,False
6,36,62yibu3z,3,ultimatum_t1,WaitToStart,1486430787,0,6,False
6,37,xrw93c9w,1,consent_start,Consent,1486430950,64,6,False
6,37,xrw93c9w,2,consent_start,Introduction,1486431037,87,6,False
6,37,xrw93c9w,3,ultimatum_t1,WaitToStart,1486431039,2,6,False
6,37,xrw93c9w,4,ultimatum_t1,Offer,1486431102,63,6,False
6,37,xrw93c9w,5,ultimatum_t1,WaitForProposer,1486431102,0,6,False
6,37,xrw93c9w,7,ultimatum_t1,ResultsWaitPage,1486431111,9,6,False
6,37,xrw93c9w,8,ultimatum_t1,Results,1486431422,311,6,False
6,37,xrw93c9w,9,ultimatum_t1,Validation,1486431433,11,6,False
6,38,ddau6gj1,1,consent_start,Consent,1486431003,39,6,False
6,38,ddau6gj1,2,consent_start,Introduction,1486431045,42,6,False
6,38,ddau6gj1,3,ultimatum_t1,WaitToStart,1486431069,24,6,False
6,38,ddau6gj1,4,ultimatum_t1,Offer,1486431086,17,6,False
6,38,ddau6gj1,5,ultimatum_t1,WaitForProposer,1486431087,1,6,False
6,38,ddau6gj1,7,ultimatum_t1,ResultsWaitPage,1486431123,36,6,False
6,38,ddau6gj1,8,ultimatum_t1,Results,1486431413,290,6,False
6,38,ddau6gj1,9,ultimatum_t1,Validation,1486431420,7,6,False
6,39,dbdxyyza,1,consent_start,Consent,1486430995,15,6,False
6,39,dbdxyyza,2,consent_start,Introduction,1486431068,73,6,False
6,39,dbdxyyza,3,ultimatum_t1,WaitToStart,1486431068,0,6,False
6,39,dbdxyyza,5,ultimatum_t1,WaitForProposer,1486431088,20,6,False
6,39,dbdxyyza,6,ultimatum_t1,Accept,1486431122,34,6,False
6,39,dbdxyyza,7,ultimatum_t1,ResultsWaitPage,1486431123,1,6,False
6,39,dbdxyyza,8,ultimatum_t1,Results,1486431371,248,6,False
6,39,dbdxyyza,9,ultimatum_t1,Validation,1486431376,5,6,False
6,40,h17k8sgh,1,consent_start,Consent,1486431003,3,6,False
6,40,h17k8sgh,2,consent_start,Introduction,1486431015,12,6,False
6,40,h17k8sgh,3,ultimatum_t1,WaitToStart,1486431039,24,6,False
6,40,h17k8sgh,5,ultimatum_t1,WaitForProposer,1486431104,65,6,False
6,40,h17k8sgh,6,ultimatum_t1,Accept,1486431109,5,6,False
6,40,h17k8sgh,7,ultimatum_t1,ResultsWaitPage,1486431110,1,6,False
6,40,h17k8sgh,8,ultimatum_t1,Results,1486431221,111,6,False
6,40,h17k8sgh,9,ultimatum_t1,Validation,1486431224,3,6,False
6,41,tgz6m9v3,1,consent_start,Consent,1486431023,9,6,False
6,41,tgz6m9v3,2,consent_start,Introduction,1486431073,50,6,False
6,41,tgz6m9v3,3,ultimatum_t1,WaitToStart,1486431244,171,6,False
6,41,tgz6m9v3,4,ultimatum_t1,Offer,1486431263,19,6,False
6,41,tgz6m9v3,5,ultimatum_t1,WaitForProposer,1486431264,1,6,False
6,41,tgz6m9v3,7,ultimatum_t1,ResultsWaitPage,1486431271,7,6,False
6,41,tgz6m9v3,8,ultimatum_t1,Results,1486431528,257,6,False
6,41,tgz6m9v3,9,ultimatum_t1,Validation,1486431533,5,6,False
6,42,tl33nn8t,1,consent_start,Consent,1486431209,39,6,False
6,42,tl33nn8t,2,consent_start,Introduction,1486431243,34,6,False
6,42,tl33nn8t,3,ultimatum_t1,WaitToStart,1486431243,0,6,False
6,42,tl33nn8t,5,ultimatum_t1,WaitForProposer,1486431264,21,6,False
6,42,tl33nn8t,6,ultimatum_t1,Accept,1486431270,6,6,False
6,42,tl33nn8t,7,ultimatum_t1,ResultsWaitPage,1486431270,0,6,False
6,42,tl33nn8t,8,ultimatum_t1,Results,1486431439,169,6,False
6,42,tl33nn8t,9,ultimatum_t1,Validation,1486431444,5,6,False
6,43,4z8u5kyg,1,consent_start,Consent,1486431197,10,6,False
6,43,4z8u5kyg,2,consent_start,Introduction,1486431266,69,6,False
6,43,4z8u5kyg,3,ultimatum_t1,WaitToStart,1486431278,12,6,False
6,43,4z8u5kyg,4,ultimatum_t1,Offer,1486431288,10,6,False
6,43,4z8u5kyg,5,ultimatum_t1,WaitForProposer,1486431288,0,6,False
6,43,4z8u5kyg,7,ultimatum_t1,ResultsWaitPage,1486431295,7,6,False
6,43,4z8u5kyg,8,ultimatum_t1,Results,1486431511,216,6,False
6,43,4z8u5kyg,9,ultimatum_t1,Validation,1486431515,4,6,False
6,45,c4wicjgv,1,consent_start,Consent,1486431348,83,6,False
6,45,c4wicjgv,2,consent_start,Introduction,1486431479,131,6,False
6,45,c4wicjgv,3,ultimatum_t1,WaitToStart,1486431601,122,6,False
6,45,c4wicjgv,4,ultimatum_t1,Offer,1486431626,25,6,False
6,45,c4wicjgv,5,ultimatum_t1,WaitForProposer,1486431627,1,6,False
6,45,c4wicjgv,7,ultimatum_t1,ResultsWaitPage,1486431714,87,6,False
6,45,c4wicjgv,8,ultimatum_t1,Results,1486432189,475,6,False
6,45,c4wicjgv,9,ultimatum_t1,Validation,1486432194,5,6,False
6,46,5gmg7wfn,1,consent_start,Consent,1486431546,277,6,False
6,46,5gmg7wfn,2,consent_start,Introduction,1486431599,53,6,False
6,46,5gmg7wfn,3,ultimatum_t1,WaitToStart,1486431600,1,6,False
6,46,5gmg7wfn,5,ultimatum_t1,WaitForProposer,1486431627,27,6,False
6,46,5gmg7wfn,6,ultimatum_t1,Accept,1486431713,86,6,False
6,46,5gmg7wfn,7,ultimatum_t1,ResultsWaitPage,1486431714,1,6,False
6,46,5gmg7wfn,8,ultimatum_t1,Results,1486432070,356,6,False
6,46,5gmg7wfn,9,ultimatum_t1,Validation,1486432076,6,6,False
6,47,mh59ymfv,1,consent_start,Consent,1486431273,3,6,False
6,47,mh59ymfv,2,consent_start,Introduction,1486431277,4,6,False
6,47,mh59ymfv,3,ultimatum_t1,WaitToStart,1486431278,1,6,False
6,47,mh59ymfv,5,ultimatum_t1,WaitForProposer,1486431288,10,6,False
6,47,mh59ymfv,6,ultimatum_t1,Accept,1486431294,6,6,False
6,47,mh59ymfv,7,ultimatum_t1,ResultsWaitPage,1486431295,1,6,False
6,47,mh59ymfv,8,ultimatum_t1,Results,1486431679,384,6,False
6,47,mh59ymfv,9,ultimatum_t1,Validation,1486431683,4,6,False
6,48,oc7naqza,1,consent_start,Consent,1486431362,64,6,False
6,48,oc7naqza,2,consent_start,Introduction,1486431367,5,6,False
6,49,db1pi1dz,1,consent_start,Consent,1486431344,32,6,False
6,49,db1pi1dz,2,consent_start,Introduction,1486431385,41,6,False
6,49,db1pi1dz,3,ultimatum_t1,WaitToStart,1486431385,0,6,False
6,50,pjmqow03,1,consent_start,Consent,1486431437,4,6,False
6,52,r5y7u8gv,1,consent_start,Consent,1486431583,116,6,False
6,53,6tr8qwka,1,consent_start,Consent,1486431568,16,6,False
6,53,6tr8qwka,2,consent_start,Introduction,1486431761,193,6,False
6,53,6tr8qwka,3,ultimatum_t1,WaitToStart,1486431881,120,6,False
6,53,6tr8qwka,4,ultimatum_t1,Offer,1486431899,18,6,False
6,53,6tr8qwka,5,ultimatum_t1,WaitForProposer,1486431899,0,6,False
6,53,6tr8qwka,7,ultimatum_t1,ResultsWaitPage,1486431942,43,6,False
6,53,6tr8qwka,8,ultimatum_t1,Results,1486432098,156,6,False
6,53,6tr8qwka,9,ultimatum_t1,Validation,1486432101,3,6,False
6,54,i1mm7vje,1,consent_start,Consent,1486431759,57,6,False
6,54,i1mm7vje,2,consent_start,Introduction,1486431880,121,6,False
6,54,i1mm7vje,3,ultimatum_t1,WaitToStart,1486431880,0,6,False
6,54,i1mm7vje,5,ultimatum_t1,WaitForProposer,1486431899,19,6,False
6,54,i1mm7vje,6,ultimatum_t1,Accept,1486431942,43,6,False
6,54,i1mm7vje,7,ultimatum_t1,ResultsWaitPage,1486431942,0,6,False
6,54,i1mm7vje,8,ultimatum_t1,Results,1486432557,615,6,False
6,54,i1mm7vje,9,ultimatum_t1,Validation,1486432581,24,6,False
6,55,v9kkcohg,1,consent_start,Consent,1486431821,18,6,False
6,55,v9kkcohg,2,consent_start,Introduction,1486431901,80,6,False
6,55,v9kkcohg,3,ultimatum_t1,WaitToStart,1486431901,0,6,False
6,55,v9kkcohg,4,ultimatum_t1,Offer,1486431923,22,6,False
6,55,v9kkcohg,5,ultimatum_t1,WaitForProposer,1486431924,1,6,False
6,56,j5i4qs09,1,consent_start,Consent,1486431877,11,6,False
6,56,j5i4qs09,2,consent_start,Introduction,1486431896,19,6,False
6,56,j5i4qs09,3,ultimatum_t1,WaitToStart,1486431901,5,6,False
6,56,j5i4qs09,5,ultimatum_t1,WaitForProposer,1486431924,23,6,False
6,56,j5i4qs09,6,ultimatum_t1,Accept,1486431941,17,6,False
6,56,j5i4qs09,7,ultimatum_t1,ResultsWaitPage,1486431941,0,6,False
6,56,j5i4qs09,8,ultimatum_t1,Results,1486432230,289,6,False
6,56,j5i4qs09,9,ultimatum_t1,Validation,1486432233,3,6,False
6,57,5brg44k0,1,consent_start,Consent,1486431884,14,6,False
6,57,5brg44k0,2,consent_start,Introduction,1486431921,37,6,False
6,57,5brg44k0,3,ultimatum_t1,WaitToStart,1486432004,83,6,False
6,57,5brg44k0,4,ultimatum_t1,Offer,1486432015,11,6,False
6,57,5brg44k0,5,ultimatum_t1,WaitForProposer,1486432015,0,6,False
6,57,5brg44k0,7,ultimatum_t1,ResultsWaitPage,1486432024,9,6,False
6,57,5brg44k0,8,ultimatum_t1,Results,1486432192,168,6,False
6,57,5brg44k0,9,ultimatum_t1,Validation,1486432198,6,6,False
6,58,xvx0ugso,1,consent_start,Consent,1486431980,21,6,False
6,58,xvx0ugso,2,consent_start,Introduction,1486432037,57,6,False
6,58,xvx0ugso,3,ultimatum_t1,WaitToStart,1486432037,0,6,False
6,58,xvx0ugso,4,ultimatum_t1,Offer,1486432050,13,6,False
6,58,xvx0ugso,5,ultimatum_t1,WaitForProposer,1486432050,0,6,False
6,58,xvx0ugso,7,ultimatum_t1,ResultsWaitPage,1486432057,7,6,False
6,58,xvx0ugso,8,ultimatum_t1,Results,1486432434,377,6,False
6,58,xvx0ugso,9,ultimatum_t1,Validation,1486432441,7,6,False
6,59,ggrnzyxs,1,consent_start,Consent,1486431980,7,6,False
6,59,ggrnzyxs,2,consent_start,Introduction,1486432051,71,6,False
6,59,ggrnzyxs,3,ultimatum_t1,WaitToStart,1486432052,1,6,False
6,59,ggrnzyxs,5,ultimatum_t1,WaitForProposer,1486432060,8,6,False
6,59,ggrnzyxs,6,ultimatum_t1,Accept,1486432065,5,6,False
6,59,ggrnzyxs,7,ultimatum_t1,ResultsWaitPage,1486432065,0,6,False
6,59,ggrnzyxs,8,ultimatum_t1,Results,1486432236,171,6,False
6,59,ggrnzyxs,9,ultimatum_t1,Validation,1486432239,3,6,False
6,60,vzqhfabh,1,consent_start,Consent,1486431992,18,6,False
6,60,vzqhfabh,2,consent_start,Introduction,1486432028,36,6,False
6,60,vzqhfabh,3,ultimatum_t1,WaitToStart,1486432028,0,6,False
6,60,vzqhfabh,4,ultimatum_t1,Offer,1486432044,16,6,False
6,60,vzqhfabh,5,ultimatum_t1,WaitForProposer,1486432044,0,6,False
6,60,vzqhfabh,7,ultimatum_t1,ResultsWaitPage,1486432056,12,6,False
6,60,vzqhfabh,8,ultimatum_t1,Results,1486432686,630,6,False
6,60,vzqhfabh,9,ultimatum_t1,Validation,1486432689,3,6,False
6,61,wrs51eny,1,consent_start,Consent,1486431982,7,6,False
6,61,wrs51eny,2,consent_start,Introduction,1486432004,22,6,False
6,61,wrs51eny,3,ultimatum_t1,WaitToStart,1486432004,0,6,False
6,61,wrs51eny,5,ultimatum_t1,WaitForProposer,1486432015,11,6,False
6,61,wrs51eny,6,ultimatum_t1,Accept,1486432024,9,6,False
6,61,wrs51eny,7,ultimatum_t1,ResultsWaitPage,1486432024,0,6,False
6,61,wrs51eny,8,ultimatum_t1,Results,1486432216,192,6,False
6,61,wrs51eny,9,ultimatum_t1,Validation,1486432220,4,6,False
6,62,kqh9g06z,1,consent_start,Consent,1486432001,24,6,False
6,62,kqh9g06z,2,consent_start,Introduction,1486432070,69,6,False
6,62,kqh9g06z,3,ultimatum_t1,WaitToStart,1486432070,0,6,False
6,62,kqh9g06z,5,ultimatum_t1,WaitForProposer,1486432079,9,6,False
6,62,kqh9g06z,6,ultimatum_t1,Accept,1486432094,15,6,False
6,62,kqh9g06z,7,ultimatum_t1,ResultsWaitPage,1486432094,0,6,False
6,62,kqh9g06z,8,ultimatum_t1,Results,1486432364,270,6,False
6,62,kqh9g06z,9,ultimatum_t1,Validation,1486432381,17,6,False
6,63,oagrpa64,1,consent_start,Consent,1486431994,13,6,False
6,63,oagrpa64,2,consent_start,Introduction,1486432037,43,6,False
6,63,oagrpa64,3,ultimatum_t1,WaitToStart,1486432037,0,6,False
6,63,oagrpa64,5,ultimatum_t1,WaitForProposer,1486432050,13,6,False
6,63,oagrpa64,6,ultimatum_t1,Accept,1486432056,6,6,False
6,63,oagrpa64,7,ultimatum_t1,ResultsWaitPage,1486432056,0,6,False
6,63,oagrpa64,8,ultimatum_t1,Results,1486432327,271,6,False
6,63,oagrpa64,9,ultimatum_t1,Validation,1486432330,3,6,False
6,64,73k4lgz9,1,consent_start,Consent,1486432038,56,6,False
6,64,73k4lgz9,2,consent_start,Introduction,1486432081,43,6,False
6,64,73k4lgz9,3,ultimatum_t1,WaitToStart,1486432129,48,6,False
6,64,73k4lgz9,4,ultimatum_t1,Offer,1486432213,84,6,False
6,64,73k4lgz9,5,ultimatum_t1,WaitForProposer,1486432213,0,6,False
6,64,73k4lgz9,7,ultimatum_t1,ResultsWaitPage,1486432246,33,6,False
6,64,73k4lgz9,8,ultimatum_t1,Results,1486432474,228,6,False
6,64,73k4lgz9,9,ultimatum_t1,Validation,1486432479,5,6,False
6,66,ttsijv3g,1,consent_start,Consent,1486431996,12,6,False
6,66,ttsijv3g,2,consent_start,Introduction,1486432011,15,6,False
6,66,ttsijv3g,3,ultimatum_t1,WaitToStart,1486432015,4,6,False
6,66,ttsijv3g,4,ultimatum_t1,Offer,1486432045,30,6,False
6,66,ttsijv3g,5,ultimatum_t1,WaitForProposer,1486432045,0,6,False
6,66,ttsijv3g,7,ultimatum_t1,ResultsWaitPage,1486432061,16,6,False
6,66,ttsijv3g,8,ultimatum_t1,Results,1486432293,232,6,False
6,66,ttsijv3g,9,ultimatum_t1,Validation,1486432296,3,6,False
6,67,nl59e4ci,1,consent_start,Consent,1486432181,197,6,False
6,67,nl59e4ci,2,consent_start,Introduction,1486432196,15,6,False
6,67,nl59e4ci,3,ultimatum_t1,WaitToStart,1486432401,205,6,False
6,67,nl59e4ci,4,ultimatum_t1,Offer,1486432407,6,6,False
6,67,nl59e4ci,5,ultimatum_t1,WaitForProposer,1486432408,1,6,False
6,67,nl59e4ci,7,ultimatum_t1,ResultsWaitPage,1486432446,38,6,False
6,68,4xvaxkpr,1,consent_start,Consent,1486434856,2872,6,False
6,68,4xvaxkpr,2,consent_start,Introduction,1486434872,16,6,False
6,69,c8ta03yt,1,consent_start,Consent,1486431994,9,6,False
6,69,c8ta03yt,2,consent_start,Introduction,1486432024,30,6,False
6,69,c8ta03yt,3,ultimatum_t1,WaitToStart,1486432028,4,6,False
6,69,c8ta03yt,5,ultimatum_t1,WaitForProposer,1486432044,16,6,False
6,69,c8ta03yt,6,ultimatum_t1,Accept,1486432056,12,6,False
6,69,c8ta03yt,7,ultimatum_t1,ResultsWaitPage,1486432056,0,6,False
6,69,c8ta03yt,8,ultimatum_t1,Results,1486432226,170,6,False
6,69,c8ta03yt,9,ultimatum_t1,Validation,1486432238,12,6,False
6,70,ooh32oiv,1,consent_start,Consent,1486431997,12,6,False
6,70,ooh32oiv,2,consent_start,Introduction,1486432015,18,6,False
6,70,ooh32oiv,3,ultimatum_t1,WaitToStart,1486432015,0,6,False
6,70,ooh32oiv,5,ultimatum_t1,WaitForProposer,1486432046,31,6,False
6,70,ooh32oiv,6,ultimatum_t1,Accept,1486432060,14,6,False
6,70,ooh32oiv,7,ultimatum_t1,ResultsWaitPage,1486432060,0,6,False
6,70,ooh32oiv,8,ultimatum_t1,Results,1486432251,191,6,False
6,70,ooh32oiv,9,ultimatum_t1,Validation,1486432256,5,6,False
6,71,1pt9vqpg,1,consent_start,Consent,1486432270,279,6,False
6,71,1pt9vqpg,2,consent_start,Introduction,1486432343,73,6,False
6,71,1pt9vqpg,3,ultimatum_t1,WaitToStart,1486432346,3,6,False
6,71,1pt9vqpg,5,ultimatum_t1,WaitForProposer,1486432409,63,6,False
6,71,1pt9vqpg,6,ultimatum_t1,Accept,1486432444,35,6,False
6,71,1pt9vqpg,7,ultimatum_t1,ResultsWaitPage,1486432445,1,6,False
6,71,1pt9vqpg,8,ultimatum_t1,Results,1486432787,342,6,False
6,71,1pt9vqpg,9,ultimatum_t1,Validation,1486432793,6,6,False
6,72,fo1mhn0i,1,consent_start,Consent,1486433477,1486,6,False
6,72,fo1mhn0i,2,consent_start,Introduction,1486433501,24,6,False
6,72,fo1mhn0i,3,ultimatum_t1,WaitToStart,1486433644,143,6,False
6,72,fo1mhn0i,4,ultimatum_t1,Offer,1486433656,12,6,False
6,72,fo1mhn0i,5,ultimatum_t1,WaitForProposer,1486433657,1,6,False
6,72,fo1mhn0i,7,ultimatum_t1,ResultsWaitPage,1486433668,11,6,False
6,72,fo1mhn0i,8,ultimatum_t1,Results,1486433834,166,6,False
6,72,fo1mhn0i,9,ultimatum_t1,Validation,1486433842,8,6,False
6,73,v4rgi2nr,1,consent_start,Consent,1486431998,4,6,False
6,73,v4rgi2nr,2,consent_start,Introduction,1486432033,35,6,False
6,73,v4rgi2nr,3,ultimatum_t1,WaitToStart,1486432035,2,6,False
6,73,v4rgi2nr,4,ultimatum_t1,Offer,1486432047,12,6,False
6,73,v4rgi2nr,5,ultimatum_t1,WaitForProposer,1486432047,0,6,False
6,73,v4rgi2nr,7,ultimatum_t1,ResultsWaitPage,1486432060,13,6,False
6,73,v4rgi2nr,8,ultimatum_t1,Results,1486432269,209,6,False
6,73,v4rgi2nr,9,ultimatum_t1,Validation,1486432277,8,6,False
6,75,6hocfb65,1,consent_start,Consent,1486432048,50,6,False
6,75,6hocfb65,2,consent_start,Introduction,1486432129,81,6,False
6,75,6hocfb65,3,ultimatum_t1,WaitToStart,1486432129,0,6,False
6,75,6hocfb65,5,ultimatum_t1,WaitForProposer,1486432213,84,6,False
6,75,6hocfb65,6,ultimatum_t1,Accept,1486432246,33,6,False
6,75,6hocfb65,7,ultimatum_t1,ResultsWaitPage,1486432246,0,6,False
6,75,6hocfb65,8,ultimatum_t1,Results,1486432642,396,6,False
6,75,6hocfb65,9,ultimatum_t1,Validation,1486432651,9,6,False
6,76,cwi2v6tw,1,consent_start,Consent,1486432009,9,6,False
6,76,cwi2v6tw,2,consent_start,Introduction,1486432034,25,6,False
6,76,cwi2v6tw,3,ultimatum_t1,WaitToStart,1486432034,0,6,False
6,76,cwi2v6tw,5,ultimatum_t1,WaitForProposer,1486432047,13,6,False
6,76,cwi2v6tw,6,ultimatum_t1,Accept,1486432060,13,6,False
6,76,cwi2v6tw,7,ultimatum_t1,ResultsWaitPage,1486432060,0,6,False
6,76,cwi2v6tw,8,ultimatum_t1,Results,1486432207,147,6,False
6,76,cwi2v6tw,9,ultimatum_t1,Validation,1486432210,3,6,False
6,78,fzj8u985,1,consent_start,Consent,1486432531,15,6,False
6,78,fzj8u985,2,consent_start,Introduction,1486432553,22,6,False
6,78,fzj8u985,3,ultimatum_t1,WaitToStart,1486432634,81,6,False
6,78,fzj8u985,5,ultimatum_t1,WaitForProposer,1486432638,4,6,False
6,78,fzj8u985,6,ultimatum_t1,Accept,1486432719,81,6,False
6,78,fzj8u985,7,ultimatum_t1,ResultsWaitPage,1486432720,1,6,False
6,79,x78wzc0w,1,consent_start,Consent,1486432627,23,6,False
6,79,x78wzc0w,2,consent_start,Introduction,1486432670,43,6,False
6,79,x78wzc0w,3,ultimatum_t1,WaitToStart,1486432836,166,6,False
6,79,x78wzc0w,4,ultimatum_t1,Offer,1486432857,21,6,False
6,79,x78wzc0w,5,ultimatum_t1,WaitForProposer,1486432857,0,6,False
6,79,x78wzc0w,7,ultimatum_t1,ResultsWaitPage,1486434372,1515,6,False
6,80,qclp7ep2,1,consent_start,Consent,1486432833,3,6,False
6,80,qclp7ep2,2,consent_start,Introduction,1486432836,3,6,False
6,80,qclp7ep2,3,ultimatum_t1,WaitToStart,1486432836,0,6,False
6,80,qclp7ep2,5,ultimatum_t1,WaitForProposer,1486432857,21,6,False
6,80,qclp7ep2,6,ultimatum_t1,Accept,1486433486,629,6,False
6,80,qclp7ep2,7,ultimatum_t1,ResultsWaitPage,1486433486,0,6,False
6,80,qclp7ep2,8,ultimatum_t1,Results,1486433592,106,6,False
6,80,qclp7ep2,9,ultimatum_t1,Validation,1486433595,3,6,False
6,81,5be3h8o6,1,consent_start,Consent,1486433595,136,6,False
6,81,5be3h8o6,2,consent_start,Introduction,1486433642,47,6,False
6,81,5be3h8o6,3,ultimatum_t1,WaitToStart,1486433642,0,6,False
6,81,5be3h8o6,5,ultimatum_t1,WaitForProposer,1486433658,16,6,False
6,81,5be3h8o6,6,ultimatum_t1,Accept,1486433666,8,6,False
6,81,5be3h8o6,7,ultimatum_t1,ResultsWaitPage,1486433666,0,6,False
6,81,5be3h8o6,8,ultimatum_t1,Results,1486433946,280,6,False
6,81,5be3h8o6,9,ultimatum_t1,Validation,1486433952,6,6,False
6,82,fhb1cezj,1,consent_start,Consent,1486433667,15,6,False
6,82,fhb1cezj,2,consent_start,Introduction,1486433724,57,6,False
6,82,fhb1cezj,3,ultimatum_t1,WaitToStart,1486433772,48,6,False
6,82,fhb1cezj,4,ultimatum_t1,Offer,1486433791,19,6,False
6,82,fhb1cezj,5,ultimatum_t1,WaitForProposer,1486433792,1,6,False
6,82,fhb1cezj,7,ultimatum_t1,ResultsWaitPage,1486433810,18,6,False
6,82,fhb1cezj,8,ultimatum_t1,Results,1486434122,312,6,False
6,82,fhb1cezj,9,ultimatum_t1,Validation,1486434128,6,6,False
6,83,0qvi0a88,1,consent_start,Consent,1486434755,1036,6,False
6,83,0qvi0a88,2,consent_start,Introduction,1486434761,6,6,False
6,83,0qvi0a88,3,ultimatum_t1,WaitToStart,1486434761,0,6,False
6,83,0qvi0a88,4,ultimatum_t1,Offer,1486434790,29,6,False
6,84,r3wfzu28,1,consent_start,Consent,1486433768,8,6,False
6,84,r3wfzu28,2,consent_start,Introduction,1486433772,4,6,False
6,84,r3wfzu28,3,ultimatum_t1,WaitToStart,1486433772,0,6,False
6,84,r3wfzu28,5,ultimatum_t1,WaitForProposer,1486433792,20,6,False
6,84,r3wfzu28,6,ultimatum_t1,Accept,1486433809,17,6,False
6,84,r3wfzu28,7,ultimatum_t1,ResultsWaitPage,1486433810,1,6,False
6,84,r3wfzu28,8,ultimatum_t1,Results,1486433843,33,6,False
6,84,r3wfzu28,9,ultimatum_t1,Validation,1486433855,12,6,False
6,85,51295q4o,1,consent_start,Consent,1486433980,23,6,False
6,85,51295q4o,2,consent_start,Introduction,1486434019,39,6,False
6,85,51295q4o,3,ultimatum_t1,WaitToStart,1486434179,160,6,False
6,85,51295q4o,4,ultimatum_t1,Offer,1486434231,52,6,False
6,85,51295q4o,5,ultimatum_t1,WaitForProposer,1486434231,0,6,False
6,85,51295q4o,7,ultimatum_t1,ResultsWaitPage,1486434264,33,6,False
6,85,51295q4o,8,ultimatum_t1,Results,1486434642,378,6,False
6,85,51295q4o,9,ultimatum_t1,Validation,1486434649,7,6,False
6,86,5vvs7b0e,1,consent_start,Consent,1486434155,8,6,False
6,86,5vvs7b0e,2,consent_start,Introduction,1486434178,23,6,False
6,86,5vvs7b0e,3,ultimatum_t1,WaitToStart,1486434178,0,6,False
6,86,5vvs7b0e,5,ultimatum_t1,WaitForProposer,1486434231,53,6,False
6,86,5vvs7b0e,6,ultimatum_t1,Accept,1486434264,33,6,False
6,86,5vvs7b0e,7,ultimatum_t1,ResultsWaitPage,1486434264,0,6,False
6,86,5vvs7b0e,8,ultimatum_t1,Results,1486434441,177,6,False
6,86,5vvs7b0e,9,ultimatum_t1,Validation,1486434447,6,6,False
6,87,tbjzdj70,1,consent_start,Consent,1486434524,6,6,False
6,87,tbjzdj70,2,consent_start,Introduction,1486434527,3,6,False
6,88,lrx3x3v2,1,consent_start,Consent,1486434928,29,6,False
6,88,lrx3x3v2,2,consent_start,Introduction,1486435018,90,6,False
6,88,lrx3x3v2,3,ultimatum_t1,WaitToStart,1486435019,1,6,False
6,89,0c29dm2u,1,consent_start,Consent,1486435269,272,6,False
6,89,0c29dm2u,2,consent_start,Introduction,1486435282,13,6,False
6,90,1345mhye,1,consent_start,Consent,1486435106,9,6,False
6,90,1345mhye,2,consent_start,Introduction,1486435113,7,6,False
6,90,1345mhye,3,ultimatum_t1,WaitToStart,1486435223,110,6,False
6,90,1345mhye,4,ultimatum_t1,Offer,1486435247,24,6,False
6,90,1345mhye,5,ultimatum_t1,WaitForProposer,1486435247,0,6,False
6,90,1345mhye,7,ultimatum_t1,ResultsWaitPage,1486435255,8,6,False
6,91,kq1lbngm,1,consent_start,Consent,1486435186,7,6,False
6,91,kq1lbngm,2,consent_start,Introduction,1486435223,37,6,False
6,91,kq1lbngm,3,ultimatum_t1,WaitToStart,1486435223,0,6,False
6,91,kq1lbngm,5,ultimatum_t1,WaitForProposer,1486435247,24,6,False
6,91,kq1lbngm,6,ultimatum_t1,Accept,1486435255,8,6,False
6,91,kq1lbngm,7,ultimatum_t1,ResultsWaitPage,1486435255,0,6,False
6,91,kq1lbngm,8,ultimatum_t1,Results,1486435422,167,6,False
6,91,kq1lbngm,9,ultimatum_t1,Validation,1486435425,3,6,False
6,92,568lw74e,1,consent_start,Consent,1486435548,11,6,False
6,92,568lw74e,2,consent_start,Introduction,1486435590,42,6,False
6,92,568lw74e,3,ultimatum_t1,WaitToStart,1486435591,1,6,False
6,93,97l7b55g,1,consent_start,Consent,1486435592,33,6,False
6,93,97l7b55g,2,consent_start,Introduction,1486435597,5,6,False
6,94,equ3zdgr,1,consent_start,Consent,1486435722,13,6,False
6,94,equ3zdgr,2,consent_start,Introduction,1486435742,20,6,False
6,94,equ3zdgr,3,ultimatum_t1,WaitToStart,1486435746,4,6,False
6,95,qw1x2o9k,1,consent_start,Consent,1486435815,11,6,False
6,95,qw1x2o9k,2,consent_start,Introduction,1486435834,19,6,False
6,96,trks7w43,1,consent_start,Consent,1486435969,12,6,False
6,96,trks7w43,2,consent_start,Introduction,1486436009,40,6,False
6,96,trks7w43,3,ultimatum_t1,WaitToStart,1486436009,0,6,False
6,98,y2x71os9,1,consent_start,Consent,1486436099,22,6,False
6,98,y2x71os9,2,consent_start,Introduction,1486436159,60,6,False
6,98,y2x71os9,3,ultimatum_t1,WaitToStart,1486436413,254,6,False
6,98,y2x71os9,4,ultimatum_t1,Offer,1486436512,99,6,False
6,98,y2x71os9,5,ultimatum_t1,WaitForProposer,1486436513,1,6,False
6,98,y2x71os9,7,ultimatum_t1,ResultsWaitPage,1486436527,14,6,False
6,98,y2x71os9,8,ultimatum_t1,Results,1486436996,469,6,False
6,98,y2x71os9,9,ultimatum_t1,Validation,1486437000,4,6,False
6,99,gzsbeolz,1,consent_start,Consent,1486436320,15,6,False
6,99,gzsbeolz,2,consent_start,Introduction,1486436410,90,6,False
6,99,gzsbeolz,3,ultimatum_t1,WaitToStart,1486436411,1,6,False
6,99,gzsbeolz,5,ultimatum_t1,WaitForProposer,1486436516,105,6,False
6,99,gzsbeolz,6,ultimatum_t1,Accept,1486436526,10,6,False
6,99,gzsbeolz,7,ultimatum_t1,ResultsWaitPage,1486436526,0,6,False
6,99,gzsbeolz,8,ultimatum_t1,Results,1486436848,322,6,False
6,99,gzsbeolz,9,ultimatum_t1,Validation,1486436854,6,6,False
6,100,fvluxgut,1,consent_start,Consent,1486436561,50,6,False
6,100,fvluxgut,2,consent_start,Introduction,1486436609,48,6,False
6,102,ducuuphu,1,consent_start,Consent,1486437500,37,6,False
6,102,ducuuphu,2,consent_start,Introduction,1486437556,56,6,False
6,102,ducuuphu,3,ultimatum_t1,WaitToStart,1486437557,1,6,False
6,103,rv40icek,1,consent_start,Consent,1486438591,8,6,False
6,103,rv40icek,2,consent_start,Introduction,1486439312,721,6,False
6,103,rv40icek,3,ultimatum_t1,WaitToStart,1486439368,56,6,False
6,103,rv40icek,4,ultimatum_t1,Offer,1486439449,81,6,False
6,103,rv40icek,5,ultimatum_t1,WaitForProposer,1486439450,1,6,False
6,103,rv40icek,7,ultimatum_t1,ResultsWaitPage,1486439464,14,6,False
6,103,rv40icek,8,ultimatum_t1,Results,1486439758,294,6,False
6,103,rv40icek,9,ultimatum_t1,Validation,1486439779,21,6,False
6,104,x906sb73,1,consent_start,Consent,1486439293,26,6,False
6,104,x906sb73,2,consent_start,Introduction,1486439367,74,6,False
6,104,x906sb73,3,ultimatum_t1,WaitToStart,1486439368,1,6,False
6,104,x906sb73,5,ultimatum_t1,WaitForProposer,1486439453,85,6,False
6,104,x906sb73,6,ultimatum_t1,Accept,1486439464,11,6,False
6,104,x906sb73,7,ultimatum_t1,ResultsWaitPage,1486439464,0,6,False
6,104,x906sb73,8,ultimatum_t1,Results,1486439973,509,6,False
6,104,x906sb73,9,ultimatum_t1,Validation,1486439979,6,6,False
6,106,8ycltsk4,1,consent_start,Consent,1486440863,8,6,False
6,106,8ycltsk4,2,consent_start,Introduction,1486440878,15,6,False
6,107,lljc0nfs,1,consent_start,Consent,1486441400,46,6,False
6,107,lljc0nfs,2,consent_start,Introduction,1486441452,52,6,False
6,107,lljc0nfs,3,ultimatum_t1,WaitToStart,1486441453,1,6,False
6,108,khu9l4rm,1,consent_start,Consent,1486441673,54,6,False
6,108,khu9l4rm,2,consent_start,Introduction,1486441737,64,6,False
6,109,v4w0f4fa,1,consent_start,Consent,1486442635,21,6,False
6,109,v4w0f4fa,2,consent_start,Introduction,1486442804,169,6,False
6,109,v4w0f4fa,3,ultimatum_t1,WaitToStart,1486442804,0,6,False
6,110,0uw8xzlq,1,consent_start,Consent,1486445129,54,6,False
6,110,0uw8xzlq,2,consent_start,Introduction,1486445207,78,6,False
6,110,0uw8xzlq,3,ultimatum_t1,WaitToStart,1486446251,1044,6,False
6,110,0uw8xzlq,4,ultimatum_t1,Offer,1486446286,35,6,False
6,110,0uw8xzlq,5,ultimatum_t1,WaitForProposer,1486446286,0,6,False
6,110,0uw8xzlq,7,ultimatum_t1,ResultsWaitPage,1486446326,40,6,False
6,110,0uw8xzlq,8,ultimatum_t1,Results,1486446970,644,6,False
6,110,0uw8xzlq,9,ultimatum_t1,Validation,1486446983,13,6,False
6,111,k9v7gyhk,1,consent_start,Consent,1486446173,42,6,False
6,111,k9v7gyhk,2,consent_start,Introduction,1486446248,75,6,False
6,111,k9v7gyhk,3,ultimatum_t1,WaitToStart,1486446249,1,6,False
6,111,k9v7gyhk,5,ultimatum_t1,WaitForProposer,1486446287,38,6,False
6,111,k9v7gyhk,6,ultimatum_t1,Accept,1486446324,37,6,False
6,111,k9v7gyhk,7,ultimatum_t1,ResultsWaitPage,1486446324,0,6,False
6,111,k9v7gyhk,8,ultimatum_t1,Results,1486446805,481,6,False
6,111,k9v7gyhk,9,ultimatum_t1,Validation,1486446815,10,6,False
8,1,vccg5sgd,1,consent_start,Consent,1486514554,1082,8,False
8,1,vccg5sgd,2,consent_start,Introduction,1486514557,3,8,False
8,1,vccg5sgd,3,ultimatum_t1,WaitToStart,1486514557,0,8,False
8,1,vccg5sgd,4,ultimatum_t1,Offer,1486514563,6,8,False
8,1,vccg5sgd,5,ultimatum_t1,WaitForProposer,1486514563,0,8,False
8,1,vccg5sgd,7,ultimatum_t1,ResultsWaitPage,1486514578,15,8,False
8,1,vccg5sgd,8,ultimatum_t1,Results,1486514657,79,8,False
8,1,vccg5sgd,9,ultimatum_t1,Validation,1486514663,6,8,False
8,2,2v3p40s4,1,consent_start,Consent,1486514444,967,8,False
8,2,2v3p40s4,2,consent_start,Introduction,1486514471,27,8,False
8,2,2v3p40s4,3,ultimatum_t1,WaitToStart,1486514472,1,8,False
8,2,2v3p40s4,4,ultimatum_t1,Offer,1486514482,10,8,False
8,3,il55wvya,1,consent_start,Consent,1486513501,19,8,False
8,3,il55wvya,2,consent_start,Introduction,1486513506,5,8,False
8,3,il55wvya,3,ultimatum_t1,WaitToStart,1486513512,6,8,False
8,3,il55wvya,4,ultimatum_t1,Offer,1486513527,15,8,False
8,3,il55wvya,5,ultimatum_t1,WaitForProposer,1486513527,0,8,False
8,3,il55wvya,7,ultimatum_t1,ResultsWaitPage,1486513537,10,8,False
8,3,il55wvya,8,ultimatum_t1,Results,1486513694,157,8,False
8,3,il55wvya,9,ultimatum_t1,Validation,1486513701,7,8,False
8,5,svvaay51,1,consent_start,Consent,1486513505,22,8,False
8,5,svvaay51,2,consent_start,Introduction,1486513511,6,8,False
8,5,svvaay51,3,ultimatum_t1,WaitToStart,1486513512,1,8,False
8,5,svvaay51,5,ultimatum_t1,WaitForProposer,1486513527,15,8,False
8,5,svvaay51,6,ultimatum_t1,Accept,1486513536,9,8,False
8,5,svvaay51,7,ultimatum_t1,ResultsWaitPage,1486513536,0,8,False
8,5,svvaay51,8,ultimatum_t1,Results,1486513807,271,8,False
8,5,svvaay51,9,ultimatum_t1,Validation,1486513813,6,8,False
8,6,rdxmsxij,1,consent_start,Consent,1486513512,28,8,False
8,6,rdxmsxij,2,consent_start,Introduction,1486513532,20,8,False
8,6,rdxmsxij,3,ultimatum_t1,WaitToStart,1486513532,0,8,False
8,6,rdxmsxij,4,ultimatum_t1,Offer,1486513540,8,8,False
8,6,rdxmsxij,5,ultimatum_t1,WaitForProposer,1486513541,1,8,False
8,6,rdxmsxij,7,ultimatum_t1,ResultsWaitPage,1486513548,7,8,False
8,7,kxzu0f0m,1,consent_start,Consent,1486513663,167,8,False
8,7,kxzu0f0m,2,consent_start,Introduction,1486513684,21,8,False
8,7,kxzu0f0m,3,ultimatum_t1,WaitToStart,1486513684,0,8,False
8,7,kxzu0f0m,4,ultimatum_t1,Offer,1486513751,67,8,False
8,7,kxzu0f0m,5,ultimatum_t1,WaitForProposer,1486513751,0,8,False
8,7,kxzu0f0m,7,ultimatum_t1,ResultsWaitPage,1486513761,10,8,False
8,7,kxzu0f0m,8,ultimatum_t1,Results,1486513994,233,8,False
8,7,kxzu0f0m,9,ultimatum_t1,Validation,1486513998,4,8,False
8,8,nltztnud,1,consent_start,Consent,1486513513,17,8,False
8,8,nltztnud,2,consent_start,Introduction,1486513538,25,8,False
8,8,nltztnud,3,ultimatum_t1,WaitToStart,1486513569,31,8,False
8,8,nltztnud,4,ultimatum_t1,Offer,1486513584,15,8,False
8,8,nltztnud,5,ultimatum_t1,WaitForProposer,1486513584,0,8,False
8,8,nltztnud,7,ultimatum_t1,ResultsWaitPage,1486513591,7,8,False
8,8,nltztnud,8,ultimatum_t1,Results,1486513756,165,8,False
8,8,nltztnud,9,ultimatum_t1,Validation,1486513762,6,8,False
8,9,db5ntgvr,1,consent_start,Consent,1486513597,90,8,False
8,9,db5ntgvr,2,consent_start,Introduction,1486513601,4,8,False
8,9,db5ntgvr,3,ultimatum_t1,WaitToStart,1486513601,0,8,False
8,9,db5ntgvr,4,ultimatum_t1,Offer,1486513611,10,8,False
8,9,db5ntgvr,5,ultimatum_t1,WaitForProposer,1486513611,0,8,False
8,9,db5ntgvr,7,ultimatum_t1,ResultsWaitPage,1486513616,5,8,False
8,9,db5ntgvr,8,ultimatum_t1,Results,1486513772,156,8,False
8,10,sg4k1zij,1,consent_start,Consent,1486513516,8,8,False
8,10,sg4k1zij,2,consent_start,Introduction,1486513524,8,8,False
8,10,sg4k1zij,3,ultimatum_t1,WaitToStart,1486513532,8,8,False
8,10,sg4k1zij,5,ultimatum_t1,WaitForProposer,1486513541,9,8,False
8,10,sg4k1zij,6,ultimatum_t1,Accept,1486513547,6,8,False
8,10,sg4k1zij,7,ultimatum_t1,ResultsWaitPage,1486513548,1,8,False
8,10,sg4k1zij,8,ultimatum_t1,Results,1486513668,120,8,False
8,10,sg4k1zij,9,ultimatum_t1,Validation,1486513673,5,8,False
8,12,q59mxzkp,1,consent_start,Consent,1486513533,10,8,False
8,13,72cvrvph,1,consent_start,Consent,1486513560,7,8,False
8,13,72cvrvph,2,consent_start,Introduction,1486513587,27,8,False
8,13,72cvrvph,3,ultimatum_t1,WaitToStart,1486513602,15,8,False
8,13,72cvrvph,5,ultimatum_t1,WaitForProposer,1486513611,9,8,False
8,13,72cvrvph,6,ultimatum_t1,Accept,1486513616,5,8,False
8,13,72cvrvph,7,ultimatum_t1,ResultsWaitPage,1486513616,0,8,False
8,13,72cvrvph,8,ultimatum_t1,Results,1486513784,168,8,False
8,13,72cvrvph,9,ultimatum_t1,Validation,1486513787,3,8,False
8,14,3ajuoq3j,1,consent_start,Consent,1486513564,4,8,False
8,14,3ajuoq3j,2,consent_start,Introduction,1486513568,4,8,False
8,14,3ajuoq3j,3,ultimatum_t1,WaitToStart,1486513569,1,8,False
8,14,3ajuoq3j,5,ultimatum_t1,WaitForProposer,1486513584,15,8,False
8,14,3ajuoq3j,6,ultimatum_t1,Accept,1486513591,7,8,False
8,14,3ajuoq3j,7,ultimatum_t1,ResultsWaitPage,1486513591,0,8,False
8,14,3ajuoq3j,8,ultimatum_t1,Results,1486513686,95,8,False
8,14,3ajuoq3j,9,ultimatum_t1,Validation,1486513697,11,8,False
8,15,8sr7b0nk,1,consent_start,Consent,1486515211,1649,8,False
8,15,8sr7b0nk,2,consent_start,Introduction,1486515233,22,8,False
8,17,eelk2vws,1,consent_start,Consent,1486513740,165,8,False
8,17,eelk2vws,2,consent_start,Introduction,1486513787,47,8,False
8,17,eelk2vws,3,ultimatum_t1,WaitToStart,1486513787,0,8,False
8,17,eelk2vws,4,ultimatum_t1,Offer,1486513815,28,8,False
8,17,eelk2vws,5,ultimatum_t1,WaitForProposer,1486513815,0,8,False
8,17,eelk2vws,7,ultimatum_t1,ResultsWaitPage,1486513832,17,8,False
8,17,eelk2vws,8,ultimatum_t1,Results,1486514029,197,8,False
8,17,eelk2vws,9,ultimatum_t1,Validation,1486514040,11,8,False
8,18,3qrnw153,1,consent_start,Consent,1486513599,9,8,False
8,18,3qrnw153,2,consent_start,Introduction,1486513709,110,8,False
8,18,3qrnw153,3,ultimatum_t1,WaitToStart,1486513710,1,8,False
8,18,3qrnw153,4,ultimatum_t1,Offer,1486513750,40,8,False
8,18,3qrnw153,5,ultimatum_t1,WaitForProposer,1486513751,1,8,False
8,18,3qrnw153,7,ultimatum_t1,ResultsWaitPage,1486514225,474,8,False
8,19,5fe5bhj8,1,consent_start,Consent,1486513626,24,8,False
8,19,5fe5bhj8,2,consent_start,Introduction,1486513665,39,8,False
8,19,5fe5bhj8,3,ultimatum_t1,WaitToStart,1486513666,1,8,False
8,19,5fe5bhj8,4,ultimatum_t1,Offer,1486513683,17,8,False
8,19,5fe5bhj8,5,ultimatum_t1,WaitForProposer,1486513683,0,8,False
8,19,5fe5bhj8,7,ultimatum_t1,ResultsWaitPage,1486513726,43,8,False
8,19,5fe5bhj8,8,ultimatum_t1,Results,1486513944,218,8,False
8,19,5fe5bhj8,9,ultimatum_t1,Validation,1486513948,4,8,False
8,20,of9eq50k,1,consent_start,Consent,1486513623,17,8,False
8,20,of9eq50k,2,consent_start,Introduction,1486513711,88,8,False
8,20,of9eq50k,3,ultimatum_t1,WaitToStart,1486513726,15,8,False
8,20,of9eq50k,4,ultimatum_t1,Offer,1486513734,8,8,False
8,20,of9eq50k,5,ultimatum_t1,WaitForProposer,1486513734,0,8,False
8,20,of9eq50k,7,ultimatum_t1,ResultsWaitPage,1486513744,10,8,False
8,20,of9eq50k,8,ultimatum_t1,Results,1486513965,221,8,False
8,20,of9eq50k,9,ultimatum_t1,Validation,1486513978,13,8,False
8,21,yqgag1tg,1,consent_start,Consent,1486513621,6,8,False
8,21,yqgag1tg,2,consent_start,Introduction,1486513626,5,8,False
8,21,yqgag1tg,3,ultimatum_t1,WaitToStart,1486513666,40,8,False
8,21,yqgag1tg,5,ultimatum_t1,WaitForProposer,1486513683,17,8,False
8,21,yqgag1tg,6,ultimatum_t1,Accept,1486513726,43,8,False
8,21,yqgag1tg,7,ultimatum_t1,ResultsWaitPage,1486513726,0,8,False
8,21,yqgag1tg,8,ultimatum_t1,Results,1486513895,169,8,False
8,21,yqgag1tg,9,ultimatum_t1,Validation,1486513899,4,8,False
8,22,juj9wzjo,1,consent_start,Consent,1486513859,217,8,False
8,22,juj9wzjo,2,consent_start,Introduction,1486513884,25,8,False
8,22,juj9wzjo,3,ultimatum_t1,WaitToStart,1486513884,0,8,False
8,22,juj9wzjo,4,ultimatum_t1,Offer,1486513891,7,8,False
8,22,juj9wzjo,5,ultimatum_t1,WaitForProposer,1486513891,0,8,False
8,22,juj9wzjo,7,ultimatum_t1,ResultsWaitPage,1486513899,8,8,False
8,22,juj9wzjo,8,ultimatum_t1,Results,1486514323,424,8,False
8,22,juj9wzjo,9,ultimatum_t1,Validation,1486514327,4,8,False
8,23,9od5lyto,1,consent_start,Consent,1486513655,11,8,False
8,23,9od5lyto,2,consent_start,Introduction,1486513667,12,8,False
8,23,9od5lyto,3,ultimatum_t1,WaitToStart,1486513682,15,8,False
8,23,9od5lyto,4,ultimatum_t1,Offer,1486513709,27,8,False
8,23,9od5lyto,5,ultimatum_t1,WaitForProposer,1486513710,1,8,False
8,23,9od5lyto,7,ultimatum_t1,ResultsWaitPage,1486513862,152,8,False
8,24,gcbpofc4,1,consent_start,Consent,1486513661,7,8,False
8,24,gcbpofc4,2,consent_start,Introduction,1486513681,20,8,False
8,24,gcbpofc4,3,ultimatum_t1,WaitToStart,1486513684,3,8,False
8,24,gcbpofc4,5,ultimatum_t1,WaitForProposer,1486513751,67,8,False
8,24,gcbpofc4,6,ultimatum_t1,Accept,1486513761,10,8,False
8,24,gcbpofc4,7,ultimatum_t1,ResultsWaitPage,1486513761,0,8,False
8,24,gcbpofc4,8,ultimatum_t1,Results,1486513916,155,8,False
8,24,gcbpofc4,9,ultimatum_t1,Validation,1486513919,3,8,False
8,25,d3xfyn01,1,consent_start,Consent,1486513678,22,8,False
8,25,d3xfyn01,2,consent_start,Introduction,1486513690,12,8,False
8,25,d3xfyn01,3,ultimatum_t1,WaitToStart,1486513690,0,8,False
8,25,d3xfyn01,4,ultimatum_t1,Offer,1486513699,9,8,False
8,25,d3xfyn01,5,ultimatum_t1,WaitForProposer,1486513699,0,8,False
8,25,d3xfyn01,7,ultimatum_t1,ResultsWaitPage,1486513722,23,8,False
8,25,d3xfyn01,8,ultimatum_t1,Results,1486513909,187,8,False
8,25,d3xfyn01,9,ultimatum_t1,Validation,1486513913,4,8,False
8,27,q2xwjgnd,1,consent_start,Consent,1486513709,51,8,False
8,27,q2xwjgnd,2,consent_start,Introduction,1486513773,64,8,False
8,27,q2xwjgnd,3,ultimatum_t1,WaitToStart,1486513787,14,8,False
8,27,q2xwjgnd,5,ultimatum_t1,WaitForProposer,1486513815,28,8,False
8,27,q2xwjgnd,6,ultimatum_t1,Accept,1486513831,16,8,False
8,27,q2xwjgnd,7,ultimatum_t1,ResultsWaitPage,1486513832,1,8,False
8,27,q2xwjgnd,8,ultimatum_t1,Results,1486514100,268,8,False
8,27,q2xwjgnd,9,ultimatum_t1,Validation,1486514103,3,8,False
8,28,44emswbx,1,consent_start,Consent,1486513676,17,8,False
8,28,44emswbx,2,consent_start,Introduction,1486513728,52,8,False
8,28,44emswbx,3,ultimatum_t1,WaitToStart,1486513734,6,8,False
8,28,44emswbx,4,ultimatum_t1,Offer,1486513752,18,8,False
8,28,44emswbx,5,ultimatum_t1,WaitForProposer,1486513752,0,8,False
8,28,44emswbx,7,ultimatum_t1,ResultsWaitPage,1486513759,7,8,False
8,28,44emswbx,8,ultimatum_t1,Results,1486513937,178,8,False
8,28,44emswbx,9,ultimatum_t1,Validation,1486513941,4,8,False
8,29,66lwmh6r,1,consent_start,Consent,1486513984,325,8,False
8,29,66lwmh6r,2,consent_start,Introduction,1486514006,22,8,False
8,29,66lwmh6r,3,ultimatum_t1,WaitToStart,1486514040,34,8,False
8,29,66lwmh6r,4,ultimatum_t1,Offer,1486514052,12,8,False
8,29,66lwmh6r,5,ultimatum_t1,WaitForProposer,1486514052,0,8,False
8,29,66lwmh6r,7,ultimatum_t1,ResultsWaitPage,1486514215,163,8,False
8,29,66lwmh6r,8,ultimatum_t1,Results,1486514340,125,8,False
8,29,66lwmh6r,9,ultimatum_t1,Validation,1486514343,3,8,False
8,30,uppt7e9h,1,consent_start,Consent,1486513686,21,8,False
8,30,uppt7e9h,2,consent_start,Introduction,1486513709,23,8,False
8,30,uppt7e9h,3,ultimatum_t1,WaitToStart,1486513711,2,8,False
8,30,uppt7e9h,5,ultimatum_t1,WaitForProposer,1486513751,40,8,False
8,30,uppt7e9h,6,ultimatum_t1,Accept,1486513769,18,8,False
8,30,uppt7e9h,7,ultimatum_t1,ResultsWaitPage,1486513770,1,8,False
8,30,uppt7e9h,8,ultimatum_t1,Results,1486514059,289,8,False
8,30,uppt7e9h,9,ultimatum_t1,Validation,1486514065,6,8,False
8,31,qu1jdi44,1,consent_start,Consent,1486513677,9,8,False
8,31,qu1jdi44,2,consent_start,Introduction,1486513681,4,8,False
8,31,qu1jdi44,3,ultimatum_t1,WaitToStart,1486513681,0,8,False
8,31,qu1jdi44,5,ultimatum_t1,WaitForProposer,1486513710,29,8,False
8,31,qu1jdi44,6,ultimatum_t1,Accept,1486513861,151,8,False
8,31,qu1jdi44,7,ultimatum_t1,ResultsWaitPage,1486513861,0,8,False
8,32,4gxr7zqm,1,consent_start,Consent,1486513694,25,8,False
8,32,4gxr7zqm,2,consent_start,Introduction,1486513734,40,8,False
8,32,4gxr7zqm,3,ultimatum_t1,WaitToStart,1486513734,0,8,False
8,32,4gxr7zqm,5,ultimatum_t1,WaitForProposer,1486513752,18,8,False
8,32,4gxr7zqm,6,ultimatum_t1,Accept,1486513758,6,8,False
8,32,4gxr7zqm,7,ultimatum_t1,ResultsWaitPage,1486513759,1,8,False
8,32,4gxr7zqm,8,ultimatum_t1,Results,1486514023,264,8,False
8,32,4gxr7zqm,9,ultimatum_t1,Validation,1486514025,2,8,False
8,33,c876kn0g,1,consent_start,Consent,1486513692,18,8,False
8,33,c876kn0g,2,consent_start,Introduction,1486513800,108,8,False
8,33,c876kn0g,3,ultimatum_t1,WaitToStart,1486513800,0,8,False
8,33,c876kn0g,4,ultimatum_t1,Offer,1486513824,24,8,False
8,33,c876kn0g,5,ultimatum_t1,WaitForProposer,1486513824,0,8,False
8,33,c876kn0g,7,ultimatum_t1,ResultsWaitPage,1486513841,17,8,False
8,33,c876kn0g,8,ultimatum_t1,Results,1486516229,2388,8,False
8,33,c876kn0g,9,ultimatum_t1,Validation,1486516244,15,8,False
8,34,ayx9krt5,1,consent_start,Consent,1486513685,4,8,False
8,34,ayx9krt5,2,consent_start,Introduction,1486513690,5,8,False
8,34,ayx9krt5,3,ultimatum_t1,WaitToStart,1486513691,1,8,False
8,34,ayx9krt5,5,ultimatum_t1,WaitForProposer,1486513700,9,8,False
8,34,ayx9krt5,6,ultimatum_t1,Accept,1486513721,21,8,False
8,34,ayx9krt5,7,ultimatum_t1,ResultsWaitPage,1486513722,1,8,False
8,34,ayx9krt5,8,ultimatum_t1,Results,1486513850,128,8,False
8,34,ayx9krt5,9,ultimatum_t1,Validation,1486513853,3,8,False
8,35,n7km09wd,1,consent_start,Consent,1486513697,10,8,False
8,35,n7km09wd,2,consent_start,Introduction,1486513725,28,8,False
8,35,n7km09wd,3,ultimatum_t1,WaitToStart,1486513726,1,8,False
8,35,n7km09wd,5,ultimatum_t1,WaitForProposer,1486513734,8,8,False
8,35,n7km09wd,6,ultimatum_t1,Accept,1486513744,10,8,False
8,35,n7km09wd,7,ultimatum_t1,ResultsWaitPage,1486513744,0,8,False
8,35,n7km09wd,8,ultimatum_t1,Results,1486513932,188,8,False
8,35,n7km09wd,9,ultimatum_t1,Validation,1486513936,4,8,False
8,37,r1t96sj0,1,consent_start,Consent,1486513782,87,8,False
8,37,r1t96sj0,2,consent_start,Introduction,1486513887,105,8,False
8,37,r1t96sj0,3,ultimatum_t1,WaitToStart,1486513897,10,8,False
8,37,r1t96sj0,4,ultimatum_t1,Offer,1486513935,38,8,False
8,37,r1t96sj0,5,ultimatum_t1,WaitForProposer,1486513935,0,8,False
8,37,r1t96sj0,7,ultimatum_t1,ResultsWaitPage,1486513958,23,8,False
8,37,r1t96sj0,8,ultimatum_t1,Results,1486514362,404,8,False
8,37,r1t96sj0,9,ultimatum_t1,Validation,1486514373,11,8,False
8,38,z07u5755,1,consent_start,Consent,1486513794,98,8,False
8,38,z07u5755,2,consent_start,Introduction,1486513879,85,8,False
8,38,z07u5755,3,ultimatum_t1,WaitToStart,1486513879,0,8,False
8,38,z07u5755,4,ultimatum_t1,Offer,1486513931,52,8,False
8,38,z07u5755,5,ultimatum_t1,WaitForProposer,1486513932,1,8,False
8,38,z07u5755,7,ultimatum_t1,ResultsWaitPage,1486513938,6,8,False
8,38,z07u5755,8,ultimatum_t1,Results,1486514413,475,8,False
8,38,z07u5755,9,ultimatum_t1,Validation,1486514421,8,8,False
8,39,iu45djrd,1,consent_start,Consent,1486516203,2498,8,False
8,39,iu45djrd,2,consent_start,Introduction,1486516224,21,8,False
8,39,iu45djrd,3,ultimatum_t1,WaitToStart,1486516303,79,8,False
8,39,iu45djrd,4,ultimatum_t1,Offer,1486516364,61,8,False
8,39,iu45djrd,5,ultimatum_t1,WaitForProposer,1486516365,1,8,False
8,39,iu45djrd,7,ultimatum_t1,ResultsWaitPage,1486516372,7,8,False
8,39,iu45djrd,8,ultimatum_t1,Results,1486516633,261,8,False
8,39,iu45djrd,9,ultimatum_t1,Validation,1486516637,4,8,False
8,40,a6bm4kfy,1,consent_start,Consent,1486513728,18,8,False
8,40,a6bm4kfy,2,consent_start,Introduction,1486513803,75,8,False
8,40,a6bm4kfy,3,ultimatum_t1,WaitToStart,1486513841,38,8,False
8,40,a6bm4kfy,4,ultimatum_t1,Offer,1486513903,62,8,False
8,40,a6bm4kfy,5,ultimatum_t1,WaitForProposer,1486513903,0,8,False
8,40,a6bm4kfy,7,ultimatum_t1,ResultsWaitPage,1486513910,7,8,False
8,41,r01wsqfm,1,consent_start,Consent,1486513746,35,8,False
8,41,r01wsqfm,2,consent_start,Introduction,1486513899,153,8,False
8,41,r01wsqfm,3,ultimatum_t1,WaitToStart,1486513900,1,8,False
8,41,r01wsqfm,4,ultimatum_t1,Offer,1486513918,18,8,False
8,41,r01wsqfm,5,ultimatum_t1,WaitForProposer,1486513918,0,8,False
8,41,r01wsqfm,7,ultimatum_t1,ResultsWaitPage,1486513939,21,8,False
8,41,r01wsqfm,8,ultimatum_t1,Results,1486515565,1626,8,False
8,41,r01wsqfm,9,ultimatum_t1,Validation,1486515569,4,8,False
8,42,uuctob6v,1,consent_start,Consent,1486513722,8,8,False
8,42,uuctob6v,2,consent_start,Introduction,1486513750,28,8,False
8,42,uuctob6v,3,ultimatum_t1,WaitToStart,1486513760,10,8,False
8,42,uuctob6v,4,ultimatum_t1,Offer,1486513769,9,8,False
8,42,uuctob6v,5,ultimatum_t1,WaitForProposer,1486513770,1,8,False
8,42,uuctob6v,7,ultimatum_t1,ResultsWaitPage,1486513789,19,8,False
8,42,uuctob6v,8,ultimatum_t1,Results,1486514122,333,8,False
8,42,uuctob6v,9,ultimatum_t1,Validation,1486514128,6,8,False
8,43,hhhmtgcd,1,consent_start,Consent,1486513741,10,8,False
8,43,hhhmtgcd,2,consent_start,Introduction,1486513759,18,8,False
8,43,hhhmtgcd,3,ultimatum_t1,WaitToStart,1486513760,1,8,False
8,43,hhhmtgcd,5,ultimatum_t1,WaitForProposer,1486513770,10,8,False
8,43,hhhmtgcd,6,ultimatum_t1,Accept,1486513788,18,8,False
8,43,hhhmtgcd,7,ultimatum_t1,ResultsWaitPage,1486513789,1,8,False
8,44,1ejszvhi,1,consent_start,Consent,1486513747,4,8,False
8,44,1ejszvhi,2,consent_start,Introduction,1486513788,41,8,False
8,44,1ejszvhi,3,ultimatum_t1,WaitToStart,1486513800,12,8,False
8,44,1ejszvhi,5,ultimatum_t1,WaitForProposer,1486513824,24,8,False
8,44,1ejszvhi,6,ultimatum_t1,Accept,1486513840,16,8,False
8,44,1ejszvhi,7,ultimatum_t1,ResultsWaitPage,1486513841,1,8,False
8,44,1ejszvhi,8,ultimatum_t1,Results,1486513967,126,8,False
8,44,1ejszvhi,9,ultimatum_t1,Validation,1486513971,4,8,False
8,45,36m553dn,1,consent_start,Consent,1486513787,13,8,False
8,45,36m553dn,2,consent_start,Introduction,1486513840,53,8,False
8,45,36m553dn,3,ultimatum_t1,WaitToStart,1486513840,0,8,False
8,45,36m553dn,5,ultimatum_t1,WaitForProposer,1486513903,63,8,False
8,45,36m553dn,6,ultimatum_t1,Accept,1486513910,7,8,False
8,45,36m553dn,7,ultimatum_t1,ResultsWaitPage,1486513910,0,8,False
8,45,36m553dn,8,ultimatum_t1,Results,1486514113,203,8,False
8,45,36m553dn,9,ultimatum_t1,Validation,1486514118,5,8,False
8,46,9cb8jwrp,1,consent_start,Consent,1486513807,32,8,False
8,46,9cb8jwrp,2,consent_start,Introduction,1486513857,50,8,False
8,46,9cb8jwrp,3,ultimatum_t1,WaitToStart,1486513862,5,8,False
8,46,9cb8jwrp,4,ultimatum_t1,Offer,1486513881,19,8,False
8,46,9cb8jwrp,5,ultimatum_t1,WaitForProposer,1486513881,0,8,False
8,46,9cb8jwrp,7,ultimatum_t1,ResultsWaitPage,1486513900,19,8,False
8,46,9cb8jwrp,8,ultimatum_t1,Results,1486514223,323,8,False
8,46,9cb8jwrp,9,ultimatum_t1,Validation,1486514261,38,8,False
8,47,jl5e64zf,1,consent_start,Consent,1486513796,19,8,False
8,47,jl5e64zf,2,consent_start,Introduction,1486513841,45,8,False
8,47,jl5e64zf,3,ultimatum_t1,WaitToStart,1486513854,13,8,False
8,47,jl5e64zf,4,ultimatum_t1,Offer,1486513880,26,8,False
8,47,jl5e64zf,5,ultimatum_t1,WaitForProposer,1486513880,0,8,False
8,47,jl5e64zf,7,ultimatum_t1,ResultsWaitPage,1486513891,11,8,False
8,47,jl5e64zf,8,ultimatum_t1,Results,1486514124,233,8,False
8,47,jl5e64zf,9,ultimatum_t1,Validation,1486514128,4,8,False
8,48,q0vmret1,1,consent_start,Consent,1486513833,49,8,False
8,48,q0vmret1,2,consent_start,Introduction,1486514519,686,8,False
8,48,q0vmret1,3,ultimatum_t1,WaitToStart,1486514559,40,8,False
8,48,q0vmret1,5,ultimatum_t1,WaitForProposer,1486514567,8,8,False
8,48,q0vmret1,6,ultimatum_t1,Accept,1486514577,10,8,False
8,48,q0vmret1,7,ultimatum_t1,ResultsWaitPage,1486514578,1,8,False
8,48,q0vmret1,8,ultimatum_t1,Results,1486514860,282,8,False
8,48,q0vmret1,9,ultimatum_t1,Validation,1486514866,6,8,False
8,49,4x7lz1iq,1,consent_start,Consent,1486513815,10,8,False
8,49,4x7lz1iq,2,consent_start,Introduction,1486513868,53,8,False
8,49,4x7lz1iq,3,ultimatum_t1,WaitToStart,1486513879,11,8,False
8,49,4x7lz1iq,5,ultimatum_t1,WaitForProposer,1486513932,53,8,False
8,49,4x7lz1iq,6,ultimatum_t1,Accept,1486513937,5,8,False
8,49,4x7lz1iq,7,ultimatum_t1,ResultsWaitPage,1486513938,1,8,False
8,49,4x7lz1iq,8,ultimatum_t1,Results,1486514204,266,8,False
8,49,4x7lz1iq,9,ultimatum_t1,Validation,1486514210,6,8,False
8,50,nkejej9k,1,consent_start,Consent,1486513828,20,8,False
8,50,nkejej9k,2,consent_start,Introduction,1486513896,68,8,False
8,50,nkejej9k,3,ultimatum_t1,WaitToStart,1486513897,1,8,False
8,50,nkejej9k,5,ultimatum_t1,WaitForProposer,1486513935,38,8,False
8,50,nkejej9k,6,ultimatum_t1,Accept,1486513957,22,8,False
8,50,nkejej9k,7,ultimatum_t1,ResultsWaitPage,1486513958,1,8,False
8,50,nkejej9k,8,ultimatum_t1,Results,1486514322,364,8,False
8,50,nkejej9k,9,ultimatum_t1,Validation,1486514328,6,8,False
8,51,yh0j7s0u,1,consent_start,Consent,1486513834,4,8,False
8,51,yh0j7s0u,2,consent_start,Introduction,1486513853,19,8,False
8,51,yh0j7s0u,3,ultimatum_t1,WaitToStart,1486513854,1,8,False
8,51,yh0j7s0u,5,ultimatum_t1,WaitForProposer,1486513880,26,8,False
8,51,yh0j7s0u,6,ultimatum_t1,Accept,1486513891,11,8,False
8,51,yh0j7s0u,7,ultimatum_t1,ResultsWaitPage,1486513891,0,8,False
8,51,yh0j7s0u,8,ultimatum_t1,Results,1486514013,122,8,False
8,51,yh0j7s0u,9,ultimatum_t1,Validation,1486514015,2,8,False
8,52,ts623por,1,consent_start,Consent,1486513886,49,8,False
8,52,ts623por,2,consent_start,Introduction,1486513911,25,8,False
8,53,mp06x81q,1,consent_start,Consent,1486513874,36,8,False
8,53,mp06x81q,2,consent_start,Introduction,1486513899,25,8,False
8,53,mp06x81q,3,ultimatum_t1,WaitToStart,1486513901,2,8,False
8,53,mp06x81q,5,ultimatum_t1,WaitForProposer,1486513918,17,8,False
8,53,mp06x81q,6,ultimatum_t1,Accept,1486513938,20,8,False
8,53,mp06x81q,7,ultimatum_t1,ResultsWaitPage,1486513939,1,8,False
8,53,mp06x81q,8,ultimatum_t1,Results,1486514096,157,8,False
8,53,mp06x81q,9,ultimatum_t1,Validation,1486514100,4,8,False
8,54,46wno91r,1,consent_start,Consent,1486513849,10,8,False
8,54,46wno91r,2,consent_start,Introduction,1486513860,11,8,False
8,54,46wno91r,3,ultimatum_t1,WaitToStart,1486513861,1,8,False
8,54,46wno91r,5,ultimatum_t1,WaitForProposer,1486513882,21,8,False
8,54,46wno91r,6,ultimatum_t1,Accept,1486513898,16,8,False
8,54,46wno91r,7,ultimatum_t1,ResultsWaitPage,1486513899,1,8,False
8,54,46wno91r,8,ultimatum_t1,Results,1486514156,257,8,False
8,54,46wno91r,9,ultimatum_t1,Validation,1486514160,4,8,False
8,55,ym563dhd,1,consent_start,Consent,1486514034,169,8,False
8,55,ym563dhd,2,consent_start,Introduction,1486514039,5,8,False
8,55,ym563dhd,3,ultimatum_t1,WaitToStart,1486514040,1,8,False
8,55,ym563dhd,5,ultimatum_t1,WaitForProposer,1486514052,12,8,False
8,55,ym563dhd,6,ultimatum_t1,Accept,1486514215,163,8,False
8,55,ym563dhd,7,ultimatum_t1,ResultsWaitPage,1486514215,0,8,False
8,55,ym563dhd,8,ultimatum_t1,Results,1486514347,132,8,False
8,55,ym563dhd,9,ultimatum_t1,Validation,1486514349,2,8,False
8,56,4nqmmjqx,1,consent_start,Consent,1486513876,8,8,False
8,56,4nqmmjqx,2,consent_start,Introduction,1486513881,5,8,False
8,56,4nqmmjqx,3,ultimatum_t1,WaitToStart,1486513884,3,8,False
8,56,4nqmmjqx,5,ultimatum_t1,WaitForProposer,1486513891,7,8,False
8,56,4nqmmjqx,6,ultimatum_t1,Accept,1486513898,7,8,False
8,56,4nqmmjqx,7,ultimatum_t1,ResultsWaitPage,1486513898,0,8,False
8,56,4nqmmjqx,8,ultimatum_t1,Results,1486514065,167,8,False
8,56,4nqmmjqx,9,ultimatum_t1,Validation,1486514068,3,8,False
8,57,n7n9covs,1,consent_start,Consent,1486514128,252,8,False
8,59,n1flzfuz,1,consent_start,Consent,1486514127,245,8,False
8,59,n1flzfuz,2,consent_start,Introduction,1486514187,60,8,False
8,59,n1flzfuz,3,ultimatum_t1,WaitToStart,1486514187,0,8,False
8,59,n1flzfuz,4,ultimatum_t1,Offer,1486514205,18,8,False
8,59,n1flzfuz,5,ultimatum_t1,WaitForProposer,1486514205,0,8,False
8,59,n1flzfuz,7,ultimatum_t1,ResultsWaitPage,1486514223,18,8,False
8,59,n1flzfuz,8,ultimatum_t1,Results,1486514471,248,8,False
8,59,n1flzfuz,9,ultimatum_t1,Validation,1486514477,6,8,False
8,60,fn8teoxk,1,consent_start,Consent,1486513893,10,8,False
8,60,fn8teoxk,2,consent_start,Introduction,1486513958,65,8,False
8,60,fn8teoxk,3,ultimatum_t1,WaitToStart,1486513967,9,8,False
8,60,fn8teoxk,4,ultimatum_t1,Offer,1486513984,17,8,False
8,60,fn8teoxk,5,ultimatum_t1,WaitForProposer,1486513984,0,8,False
8,60,fn8teoxk,7,ultimatum_t1,ResultsWaitPage,1486514000,16,8,False
8,60,fn8teoxk,8,ultimatum_t1,Results,1486514331,331,8,False
8,60,fn8teoxk,9,ultimatum_t1,Validation,1486514335,4,8,False
8,62,q3hgvksz,1,consent_start,Consent,1486515602,1702,8,False
8,62,q3hgvksz,2,consent_start,Introduction,1486515606,4,8,False
8,62,q3hgvksz,3,ultimatum_t1,WaitToStart,1486515609,3,8,False
8,62,q3hgvksz,4,ultimatum_t1,Offer,1486515614,5,8,False
8,62,q3hgvksz,5,ultimatum_t1,WaitForProposer,1486515615,1,8,False
8,63,tu3dp6g2,1,consent_start,Consent,1486513921,12,8,False
8,63,tu3dp6g2,2,consent_start,Introduction,1486513942,21,8,False
8,63,tu3dp6g2,3,ultimatum_t1,WaitToStart,1486513944,2,8,False
8,65,u0ez0p2r,1,consent_start,Consent,1486513940,8,8,False
8,65,u0ez0p2r,2,consent_start,Introduction,1486513967,27,8,False
8,65,u0ez0p2r,3,ultimatum_t1,WaitToStart,1486513967,0,8,False
8,65,u0ez0p2r,5,ultimatum_t1,WaitForProposer,1486513985,18,8,False
8,65,u0ez0p2r,6,ultimatum_t1,Accept,1486514000,15,8,False
8,65,u0ez0p2r,7,ultimatum_t1,ResultsWaitPage,1486514000,0,8,False
8,65,u0ez0p2r,8,ultimatum_t1,Results,1486514231,231,8,False
8,65,u0ez0p2r,9,ultimatum_t1,Validation,1486514235,4,8,False
8,66,usdyxvax,1,consent_start,Consent,1486513953,17,8,False
8,67,ff5pj6zo,1,consent_start,Consent,1486514212,259,8,False
8,68,d1qkrg7x,1,consent_start,Consent,1486514083,64,8,False
8,68,d1qkrg7x,2,consent_start,Introduction,1486514161,78,8,False
8,68,d1qkrg7x,3,ultimatum_t1,WaitToStart,1486514187,26,8,False
8,68,d1qkrg7x,5,ultimatum_t1,WaitForProposer,1486514205,18,8,False
8,68,d1qkrg7x,6,ultimatum_t1,Accept,1486514223,18,8,False
8,68,d1qkrg7x,7,ultimatum_t1,ResultsWaitPage,1486514223,0,8,False
8,68,d1qkrg7x,8,ultimatum_t1,Results,1486514575,352,8,False
8,68,d1qkrg7x,9,ultimatum_t1,Validation,1486514582,7,8,False
8,69,6s4k9i1j,1,consent_start,Consent,1486514056,13,8,False
8,69,6s4k9i1j,2,consent_start,Introduction,1486514107,51,8,False
8,69,6s4k9i1j,3,ultimatum_t1,WaitToStart,1486514137,30,8,False
8,69,6s4k9i1j,4,ultimatum_t1,Offer,1486514176,39,8,False
8,69,6s4k9i1j,5,ultimatum_t1,WaitForProposer,1486514177,1,8,False
8,69,6s4k9i1j,7,ultimatum_t1,ResultsWaitPage,1486514200,23,8,False
8,69,6s4k9i1j,8,ultimatum_t1,Results,1486514455,255,8,False
8,69,6s4k9i1j,9,ultimatum_t1,Validation,1486514461,6,8,False
8,70,wqgeubb5,1,consent_start,Consent,1486514133,27,8,False
8,70,wqgeubb5,2,consent_start,Introduction,1486514137,4,8,False
8,70,wqgeubb5,3,ultimatum_t1,WaitToStart,1486514137,0,8,False
8,70,wqgeubb5,5,ultimatum_t1,WaitForProposer,1486514177,40,8,False
8,70,wqgeubb5,6,ultimatum_t1,Accept,1486514199,22,8,False
8,70,wqgeubb5,7,ultimatum_t1,ResultsWaitPage,1486514199,0,8,False
8,70,wqgeubb5,8,ultimatum_t1,Results,1486514335,136,8,False
8,70,wqgeubb5,9,ultimatum_t1,Validation,1486514338,3,8,False
8,71,qoq7w9ks,1,consent_start,Consent,1486514189,18,8,False
8,71,qoq7w9ks,2,consent_start,Introduction,1486514201,12,8,False
8,72,sufjaa4v,1,consent_start,Consent,1486514560,55,8,False
8,72,sufjaa4v,2,consent_start,Introduction,1486515608,1048,8,False
8,72,sufjaa4v,3,ultimatum_t1,WaitToStart,1486515609,1,8,False
8,72,sufjaa4v,5,ultimatum_t1,WaitForProposer,1486515615,6,8,False
8,72,sufjaa4v,6,ultimatum_t1,Accept,1486515708,93,8,False
8,72,sufjaa4v,7,ultimatum_t1,ResultsWaitPage,1486515709,1,8,False
8,72,sufjaa4v,8,ultimatum_t1,Results,1486516099,390,8,False
8,72,sufjaa4v,9,ultimatum_t1,Validation,1486516103,4,8,False
8,73,3t9vbrxe,1,consent_start,Consent,1486515247,663,8,False
8,73,3t9vbrxe,2,consent_start,Introduction,1486515297,50,8,False
8,73,3t9vbrxe,3,ultimatum_t1,WaitToStart,1486515298,1,8,False
8,74,k100nqks,1,consent_start,Consent,1486514773,46,8,False
8,74,k100nqks,2,consent_start,Introduction,1486514787,14,8,False
8,74,k100nqks,3,ultimatum_t1,WaitToStart,1486514793,6,8,False
8,74,k100nqks,4,ultimatum_t1,Offer,1486514811,18,8,False
8,74,k100nqks,5,ultimatum_t1,WaitForProposer,1486514811,0,8,False
8,74,k100nqks,7,ultimatum_t1,ResultsWaitPage,1486514820,9,8,False
8,74,k100nqks,8,ultimatum_t1,Results,1486515165,345,8,False
8,74,k100nqks,9,ultimatum_t1,Validation,1486515169,4,8,False
8,75,z2i0so62,1,consent_start,Consent,1486514740,13,8,False
8,75,z2i0so62,2,consent_start,Introduction,1486514793,53,8,False
8,75,z2i0so62,3,ultimatum_t1,WaitToStart,1486514793,0,8,False
8,75,z2i0so62,5,ultimatum_t1,WaitForProposer,1486514812,19,8,False
8,75,z2i0so62,6,ultimatum_t1,Accept,1486514819,7,8,False
8,75,z2i0so62,7,ultimatum_t1,ResultsWaitPage,1486514820,1,8,False
8,75,z2i0so62,8,ultimatum_t1,Results,1486515141,321,8,False
8,75,z2i0so62,9,ultimatum_t1,Validation,1486515145,4,8,False
8,76,tt082m57,1,consent_start,Consent,1486517960,2647,8,False
8,76,tt082m57,2,consent_start,Introduction,1486518073,113,8,False
8,76,tt082m57,3,ultimatum_t1,WaitToStart,1486518119,46,8,False
8,76,tt082m57,4,ultimatum_t1,Offer,1486518142,23,8,False
8,76,tt082m57,5,ultimatum_t1,WaitForProposer,1486518142,0,8,False
8,76,tt082m57,7,ultimatum_t1,ResultsWaitPage,1486518154,12,8,False
8,76,tt082m57,8,ultimatum_t1,Results,1486518332,178,8,False
8,76,tt082m57,9,ultimatum_t1,Validation,1486518339,7,8,False
8,77,8d91i6o0,1,consent_start,Consent,1486515923,16,8,False
8,77,8d91i6o0,2,consent_start,Introduction,1486516013,90,8,False
8,77,8d91i6o0,3,ultimatum_t1,WaitToStart,1486516154,141,8,False
8,77,8d91i6o0,4,ultimatum_t1,Offer,1486516180,26,8,False
8,77,8d91i6o0,5,ultimatum_t1,WaitForProposer,1486516181,1,8,False
8,77,8d91i6o0,7,ultimatum_t1,ResultsWaitPage,1486516190,9,8,False
8,77,8d91i6o0,8,ultimatum_t1,Results,1486516514,324,8,False
8,77,8d91i6o0,9,ultimatum_t1,Validation,1486516521,7,8,False
8,78,5gif350h,1,consent_start,Consent,1486516116,11,8,False
8,78,5gif350h,2,consent_start,Introduction,1486516151,35,8,False
8,78,5gif350h,3,ultimatum_t1,WaitToStart,1486516152,1,8,False
8,78,5gif350h,5,ultimatum_t1,WaitForProposer,1486516181,29,8,False
8,78,5gif350h,6,ultimatum_t1,Accept,1486516188,7,8,False
8,78,5gif350h,7,ultimatum_t1,ResultsWaitPage,1486516188,0,8,False
8,78,5gif350h,8,ultimatum_t1,Results,1486516341,153,8,False
8,78,5gif350h,9,ultimatum_t1,Validation,1486516345,4,8,False
8,79,ewslli1j,1,consent_start,Consent,1486516254,14,8,False
8,79,ewslli1j,2,consent_start,Introduction,1486516302,48,8,False
8,79,ewslli1j,3,ultimatum_t1,WaitToStart,1486516303,1,8,False
8,79,ewslli1j,5,ultimatum_t1,WaitForProposer,1486516365,62,8,False
8,79,ewslli1j,6,ultimatum_t1,Accept,1486516372,7,8,False
8,79,ewslli1j,7,ultimatum_t1,ResultsWaitPage,1486516372,0,8,False
8,79,ewslli1j,8,ultimatum_t1,Results,1486516609,237,8,False
8,79,ewslli1j,9,ultimatum_t1,Validation,1486516615,6,8,False
8,80,k7v62e4n,1,consent_start,Consent,1486516320,17,8,False
8,80,k7v62e4n,2,consent_start,Introduction,1486516344,24,8,False
8,80,k7v62e4n,3,ultimatum_t1,WaitToStart,1486516485,141,8,False
8,80,k7v62e4n,4,ultimatum_t1,Offer,1486516581,96,8,False
8,80,k7v62e4n,5,ultimatum_t1,WaitForProposer,1486516581,0,8,False
8,80,k7v62e4n,7,ultimatum_t1,ResultsWaitPage,1486516605,24,8,False
8,80,k7v62e4n,8,ultimatum_t1,Results,1486516842,237,8,False
8,80,k7v62e4n,9,ultimatum_t1,Validation,1486516846,4,8,False
8,81,37v45ufe,1,consent_start,Consent,1486516438,36,8,False
8,81,37v45ufe,2,consent_start,Introduction,1486516484,46,8,False
8,81,37v45ufe,3,ultimatum_t1,WaitToStart,1486516485,1,8,False
8,81,37v45ufe,5,ultimatum_t1,WaitForProposer,1486516583,98,8,False
8,81,37v45ufe,6,ultimatum_t1,Accept,1486516604,21,8,False
8,81,37v45ufe,7,ultimatum_t1,ResultsWaitPage,1486516604,0,8,False
8,81,37v45ufe,8,ultimatum_t1,Results,1486517150,546,8,False
8,81,37v45ufe,9,ultimatum_t1,Validation,1486517156,6,8,False
8,82,cv14fdpz,1,consent_start,Consent,1486516596,12,8,False
8,82,cv14fdpz,2,consent_start,Introduction,1486516646,50,8,False
8,83,xc4sxyme,1,consent_start,Consent,1486519945,3110,8,False
8,83,xc4sxyme,2,consent_start,Introduction,1486519962,17,8,False
8,83,xc4sxyme,3,ultimatum_t1,WaitToStart,1486519962,0,8,False
8,83,xc4sxyme,4,ultimatum_t1,Offer,1486519970,8,8,False
8,84,fcmxdxwh,1,consent_start,Consent,1486519419,2267,8,False
8,84,fcmxdxwh,2,consent_start,Introduction,1486519434,15,8,False
8,85,td0qmenu,1,consent_start,Consent,1486517599,9,8,False
8,85,td0qmenu,2,consent_start,Introduction,1486517604,5,8,False
8,85,td0qmenu,3,ultimatum_t1,WaitToStart,1486517604,0,8,False
8,86,25mzca41,1,consent_start,Consent,1486517749,79,8,False
8,86,25mzca41,2,consent_start,Introduction,1486517835,86,8,False
8,86,25mzca41,3,ultimatum_t1,WaitToStart,1486517836,1,8,False
8,86,25mzca41,4,ultimatum_t1,Offer,1486517851,15,8,False
8,86,25mzca41,5,ultimatum_t1,WaitForProposer,1486517852,1,8,False
8,86,25mzca41,7,ultimatum_t1,ResultsWaitPage,1486517872,20,8,False
8,86,25mzca41,8,ultimatum_t1,Results,1486518266,394,8,False
8,86,25mzca41,9,ultimatum_t1,Validation,1486518273,7,8,False
8,87,4ca5qyqp,1,consent_start,Consent,1486517763,11,8,False
8,87,4ca5qyqp,2,consent_start,Introduction,1486517812,49,8,False
8,87,4ca5qyqp,3,ultimatum_t1,WaitToStart,1486517836,24,8,False
8,87,4ca5qyqp,5,ultimatum_t1,WaitForProposer,1486517852,16,8,False
8,87,4ca5qyqp,6,ultimatum_t1,Accept,1486517870,18,8,False
8,87,4ca5qyqp,7,ultimatum_t1,ResultsWaitPage,1486517871,1,8,False
8,87,4ca5qyqp,8,ultimatum_t1,Results,1486518117,246,8,False
8,87,4ca5qyqp,9,ultimatum_t1,Validation,1486518120,3,8,False
8,88,8ho3px14,1,consent_start,Consent,1486517845,10,8,False
8,89,oyny0zki,1,consent_start,Consent,1486518099,6,8,False
8,89,oyny0zki,2,consent_start,Introduction,1486518119,20,8,False
8,89,oyny0zki,3,ultimatum_t1,WaitToStart,1486518119,0,8,False
8,89,oyny0zki,5,ultimatum_t1,WaitForProposer,1486518142,23,8,False
8,89,oyny0zki,6,ultimatum_t1,Accept,1486518153,11,8,False
8,89,oyny0zki,7,ultimatum_t1,ResultsWaitPage,1486518154,1,8,False
8,89,oyny0zki,8,ultimatum_t1,Results,1486518328,174,8,False
8,89,oyny0zki,9,ultimatum_t1,Validation,1486518334,6,8,False
8,90,o04p6kv8,1,consent_start,Consent,1486519805,28,8,False
8,91,pi4nhmey,1,consent_start,Consent,1486519950,13,8,False
8,91,pi4nhmey,2,consent_start,Introduction,1486519997,47,8,False
8,92,b9133gr7,1,consent_start,Consent,1486520747,525,8,False
8,92,b9133gr7,2,consent_start,Introduction,1486520809,62,8,False
8,92,b9133gr7,3,ultimatum_t1,WaitToStart,1486520810,1,8,False
8,94,s6mm656i,1,consent_start,Consent,1486521448,37,8,False
8,94,s6mm656i,2,consent_start,Introduction,1486521537,89,8,False
8,94,s6mm656i,3,ultimatum_t1,WaitToStart,1486521537,0,8,False
8,94,s6mm656i,4,ultimatum_t1,Offer,1486521578,41,8,False
8,94,s6mm656i,5,ultimatum_t1,WaitForProposer,1486521578,0,8,False
8,94,s6mm656i,7,ultimatum_t1,ResultsWaitPage,1486521586,8,8,False
8,94,s6mm656i,8,ultimatum_t1,Results,1486522058,472,8,False
8,94,s6mm656i,9,ultimatum_t1,Validation,1486522070,12,8,False
8,95,rzqxr1c2,1,consent_start,Consent,1486521460,21,8,False
8,95,rzqxr1c2,2,consent_start,Introduction,1486521532,72,8,False
8,95,rzqxr1c2,3,ultimatum_t1,WaitToStart,1486521537,5,8,False
8,95,rzqxr1c2,5,ultimatum_t1,WaitForProposer,1486521579,42,8,False
8,95,rzqxr1c2,6,ultimatum_t1,Accept,1486521586,7,8,False
8,95,rzqxr1c2,7,ultimatum_t1,ResultsWaitPage,1486521586,0,8,False
8,95,rzqxr1c2,8,ultimatum_t1,Results,1486521898,312,8,False
8,95,rzqxr1c2,9,ultimatum_t1,Validation,1486521903,5,8,False
