participant.id_in_session,participant.code,participant.label,participant._is_bot,participant._index_in_pages,participant._max_page_index,participant._current_app_name,participant._round_number,participant._current_page_name,participant.ip_address,participant.time_started,participant.exclude_from_data_analysis,participant.visited,participant.mturk_worker_id,participant.mturk_assignment_id,player.id_in_group,player.valid_code,player.payoff,group.id_in_subsession,group.amount_offered,group.offer_accepted,subsession.round_number,session.code,session.label,session.experimenter_name,session.time_scheduled,session.time_started,session.mturk_HITId,session.mturk_HITGroupId,session.comment,session.is_demo
1,x7prwsb2,,0,10,9,ultimatum_banker,1,Validation,10.183.102.41,2017-02-14 00:08:17.898349+00:00,0,1,,,1,,0,2,99,0,1,g89inow7,,,,,,,,1
2,3fwvdhsx,,0,9,9,ultimatum_banker,1,Validation,10.183.102.41,2017-02-14 00:09:19.384023+00:00,0,1,,,2,,0,2,99,0,1,g89inow7,,,,,,,,1
1,far4l1a7,,0,4,9,ultimatum_banker,1,Offer,10.63.231.107,2017-02-14 00:17:06.969657+00:00,0,1,,,1,,0,2,,,1,nnplyi73,,,,,,,,1
2,34xeh712,,0,5,9,ultimatum_banker,1,WaitForProposer,10.63.231.107,2017-02-14 00:17:15.085310+00:00,0,1,,,2,,0,2,,,1,nnplyi73,,,,,,,,1
1,u7dkfnur,,0,8,9,ultimatum_banker,1,Results,10.43.180.138,2017-02-14 00:21:22.034441+00:00,0,1,A15FXHC1CVNW31,3URFVVM166XQE098AYKSCRC34ZUUZL,1,,50,4,50,1,1,pfbe2q4n,,,,,3KG2UQJ0MJ31JYQE0ZKSIJCLE0WQNO,35VN5BQM8VGHCME7JEF72KMWGBJ5JU,,0
2,rjepzjjj,,0,10,9,ultimatum_banker,1,Validation,10.179.86.73,2017-02-14 00:21:25.646531+00:00,0,1,A1A6DUWWGNEE4W,3N2BF7Y2VR9LA745VANZLAR4VNBHMR,2,7346018,50,4,50,1,1,pfbe2q4n,,,,,3KG2UQJ0MJ31JYQE0ZKSIJCLE0WQNO,35VN5BQM8VGHCME7JEF72KMWGBJ5JU,,0
3,yfzujzkh,,0,10,9,ultimatum_banker,1,Validation,10.140.231.210,2017-02-14 00:21:31.737460+00:00,0,1,A2AAY4VT9L71SY,39GAF6DQWSFTWJD07DL5GJUA5RQV1M,1,4894909,50,2,50,1,1,pfbe2q4n,,,,,3KG2UQJ0MJ31JYQE0ZKSIJCLE0WQNO,35VN5BQM8VGHCME7JEF72KMWGBJ5JU,,0
4,piufy60r,,0,10,9,ultimatum_banker,1,Validation,10.43.180.138,2017-02-14 00:21:33.425469+00:00,0,1,A1UIKSG4IKHGCZ,3C6FJU71TR8Q9AZ3ECI9YK31Y5QUYU,1,325288,50,3,50,1,1,pfbe2q4n,,,,,3KG2UQJ0MJ31JYQE0ZKSIJCLE0WQNO,35VN5BQM8VGHCME7JEF72KMWGBJ5JU,,0
5,zktn4pc9,,0,10,9,ultimatum_banker,1,Validation,10.63.100.174,2017-02-14 00:21:35.391758+00:00,0,1,A2HM35CWB7IIFM,3PWWM24LHTD2ASZJIOA9TOK7MZ482C,1,6114788,50,6,50,1,1,pfbe2q4n,,,,,3KG2UQJ0MJ31JYQE0ZKSIJCLE0WQNO,35VN5BQM8VGHCME7JEF72KMWGBJ5JU,,0
6,h817v534,,0,9,9,ultimatum_banker,1,Validation,10.164.172.163,2017-02-14 00:21:44.419947+00:00,0,1,A2SBISQJE2ZPJQ,39LOEL67OTKRVAV2MOOECYPZSD483N,2,,50,2,50,1,1,pfbe2q4n,,,,,3KG2UQJ0MJ31JYQE0ZKSIJCLE0WQNO,35VN5BQM8VGHCME7JEF72KMWGBJ5JU,,0
7,cqvetmg4,,0,10,9,ultimatum_banker,1,Validation,10.69.205.24,2017-02-14 00:21:44.458208+00:00,0,1,A3ATU3VULAB7K2,3KMS4QQVK3566NDWF8MJ3CNNQ33KFR,2,7229682,50,3,50,1,1,pfbe2q4n,,,,,3KG2UQJ0MJ31JYQE0ZKSIJCLE0WQNO,35VN5BQM8VGHCME7JEF72KMWGBJ5JU,,0
8,rzp0tolv,,0,7,9,ultimatum_banker,1,ResultsWaitPage,10.155.222.143,2017-02-14 00:21:45.827249+00:00,0,1,A1VE1CAMPSYRHE,34HJIJKLP6BAOIAJUV47EH1DHB0V4Z,1,,0,5,50,,1,pfbe2q4n,,,,,3KG2UQJ0MJ31JYQE0ZKSIJCLE0WQNO,35VN5BQM8VGHCME7JEF72KMWGBJ5JU,,0
9,2i9eqwq0,,0,2,9,consent_start2,1,Introduction,10.150.98.212,2017-02-14 00:21:45.872896+00:00,0,1,A17MFEPFEPG9U8,31QNSG6A5S89WTWPO0R4PF1FXFQ87S,9,,0,1,,,1,pfbe2q4n,,,,,3KG2UQJ0MJ31JYQE0ZKSIJCLE0WQNO,35VN5BQM8VGHCME7JEF72KMWGBJ5JU,,0
10,z0gimzpw,,0,10,9,ultimatum_banker,1,Validation,10.170.178.42,2017-02-14 00:21:47.830339+00:00,0,1,AXLMOFXKXSU0B,3Z9WI9EOZ03QKJ42AYAJ6XZ06IGKHP,1,6712727,50,7,50,1,1,pfbe2q4n,,,,,3KG2UQJ0MJ31JYQE0ZKSIJCLE0WQNO,35VN5BQM8VGHCME7JEF72KMWGBJ5JU,,0
11,pcpda8og,,0,10,9,ultimatum_banker,1,Validation,10.186.38.2,2017-02-14 00:21:50.260504+00:00,0,1,A2MKXI4KCRRI7Y,3PJUZCGDJ7VDACKI3XPO3BSLS5E894,1,2138554,0,10,80,0,1,pfbe2q4n,,,,,3KG2UQJ0MJ31JYQE0ZKSIJCLE0WQNO,35VN5BQM8VGHCME7JEF72KMWGBJ5JU,,0
12,7dls8tsc,,0,10,9,ultimatum_banker,1,Validation,10.109.163.176,2017-02-14 00:21:58.501900+00:00,0,1,AR9TBT05QMOLN,3EJJQNKU9SKC7NHX0IJG79LE1AAHRF,2,6685904,50,7,50,1,1,pfbe2q4n,,,,,3KG2UQJ0MJ31JYQE0ZKSIJCLE0WQNO,35VN5BQM8VGHCME7JEF72KMWGBJ5JU,,0
13,cz2971ff,,0,10,9,ultimatum_banker,1,Validation,10.45.85.125,2017-02-14 00:22:21.700828+00:00,0,1,A28FW73RBVGYZ9,3VE8AYVF8NCMBMBV6JPGD7EWV398FW,1,2433006,0,15,0,0,1,pfbe2q4n,,,,,3KG2UQJ0MJ31JYQE0ZKSIJCLE0WQNO,35VN5BQM8VGHCME7JEF72KMWGBJ5JU,,0
14,sn11wrwl,,0,10,9,ultimatum_banker,1,Validation,10.154.45.231,2017-02-14 00:22:51.371145+00:00,0,1,A1GMJZUQ8Q7053,3J88R45B2HDOH01XSUXD509TOI5PXO,1,3435811,50,8,50,1,1,pfbe2q4n,,,,,3KG2UQJ0MJ31JYQE0ZKSIJCLE0WQNO,35VN5BQM8VGHCME7JEF72KMWGBJ5JU,,0
15,9l4pc6fy,,0,1,9,consent_start2,1,Consent,10.16.227.41,2017-02-14 00:23:40.044603+00:00,0,1,A3BI98I9V2FL0T,3IKZ72A5B5V7ETYZCLEZV44RKY8NFZ,15,,0,1,,,1,pfbe2q4n,,,,,3KG2UQJ0MJ31JYQE0ZKSIJCLE0WQNO,35VN5BQM8VGHCME7JEF72KMWGBJ5JU,,0
16,2r8b7di7,,0,5,9,ultimatum_banker,1,WaitForProposer,10.41.203.70,2017-02-14 00:23:49.330933+00:00,0,1,A3BP890CXV4UMN,3Z3ZLGNNSJ9X1EVY8I5EYPAZMJQQ3G,2,,0,5,50,,1,pfbe2q4n,,,,,3KG2UQJ0MJ31JYQE0ZKSIJCLE0WQNO,35VN5BQM8VGHCME7JEF72KMWGBJ5JU,,0
17,sdjaccxe,,0,7,9,ultimatum_banker,1,ResultsWaitPage,10.41.203.70,2017-02-14 00:24:26.400355+00:00,0,1,A320QA9HJFUOZO,3P529IW9KZ0HQTVE08YKIC02F38FLP,1,,0,9,65,,1,pfbe2q4n,,,,,3KG2UQJ0MJ31JYQE0ZKSIJCLE0WQNO,35VN5BQM8VGHCME7JEF72KMWGBJ5JU,,0
18,c8f99moe,,0,10,9,ultimatum_banker,1,Validation,10.203.237.92,2017-02-14 00:24:46.635950+00:00,0,1,A2HSCKH5NKN5LP,3OSWBBLG1FCFS3Y7NL6I56S4AZ2DXY,2,3301722,50,6,50,1,1,pfbe2q4n,,,,,3KG2UQJ0MJ31JYQE0ZKSIJCLE0WQNO,35VN5BQM8VGHCME7JEF72KMWGBJ5JU,,0
19,o30e9a4a,,0,10,9,ultimatum_banker,1,Validation,10.13.211.115,2017-02-14 00:26:07.996548+00:00,0,1,A1YX741QQSMKPS,36V4Q8R5ZLFYN038E0ATUOJ5MA7QMW,2,1225625,50,8,50,1,1,pfbe2q4n,,,,,3KG2UQJ0MJ31JYQE0ZKSIJCLE0WQNO,35VN5BQM8VGHCME7JEF72KMWGBJ5JU,,0
20,t6c219wd,,0,5,9,ultimatum_banker,1,WaitForProposer,10.167.190.210,2017-02-14 00:28:19.371033+00:00,0,1,A3TTIR899WV7HT,3P4RDNWND6LV5U94YVSS5U02R6VJII,2,,0,9,65,,1,pfbe2q4n,,,,,3KG2UQJ0MJ31JYQE0ZKSIJCLE0WQNO,35VN5BQM8VGHCME7JEF72KMWGBJ5JU,,0
21,pg5relcq,,0,1,9,consent_start2,1,Consent,10.167.67.198,2017-02-14 00:28:45.396421+00:00,0,1,AFQKLIYNCVZTL,35BLDD71I7CQRFY8FOUX8DEMI64VZC,21,,0,1,,,1,pfbe2q4n,,,,,3KG2UQJ0MJ31JYQE0ZKSIJCLE0WQNO,35VN5BQM8VGHCME7JEF72KMWGBJ5JU,,0
22,yl1gxpbn,,0,8,9,ultimatum_banker,1,Results,10.152.233.4,2017-02-14 00:31:07.863702+00:00,0,1,A24NDC7JH9LEM1,3EO896NRAXALE8PFS7RWJ12B2NBJTZ,2,,0,10,80,0,1,pfbe2q4n,,,,,3KG2UQJ0MJ31JYQE0ZKSIJCLE0WQNO,35VN5BQM8VGHCME7JEF72KMWGBJ5JU,,0
23,9nckccta,,0,3,9,ultimatum_banker,1,WaitToStart,10.63.100.174,2017-02-14 00:31:38.341377+00:00,0,1,A17AIEWBZZVDFS,3TY7ZAOG5GZF9JY6CQ3Y050JK1EK0N,1,,0,11,,,1,pfbe2q4n,,,,,3KG2UQJ0MJ31JYQE0ZKSIJCLE0WQNO,35VN5BQM8VGHCME7JEF72KMWGBJ5JU,,0
24,hn866fbo,,0,1,9,consent_start2,1,Consent,10.170.176.153,2017-02-14 00:31:50.946214+00:00,0,1,A2LF84L3K71GR2,3NKQQ8O39ZKNBZ4CIGVVLZT0GHLUDN,24,,0,1,,,1,pfbe2q4n,,,,,3KG2UQJ0MJ31JYQE0ZKSIJCLE0WQNO,35VN5BQM8VGHCME7JEF72KMWGBJ5JU,,0
25,xv1whh3p,,0,1,9,consent_start2,1,Consent,10.149.111.149,2017-02-14 00:33:02.137286+00:00,0,1,A3IB7YJHP04OHI,3TY7ZAOG5GZF9JY6CQ3Y050JK1EK0N,25,,0,1,,,1,pfbe2q4n,,,,,3KG2UQJ0MJ31JYQE0ZKSIJCLE0WQNO,35VN5BQM8VGHCME7JEF72KMWGBJ5JU,,0
26,j8woa4h9,,0,5,9,ultimatum_banker,1,WaitForProposer,10.109.176.159,2017-02-14 00:34:05.270625+00:00,0,1,A1W8FA5GSFY60C,3K772S5NP9QNYJCSECZG82MVMLKHE2,2,,0,11,,,1,pfbe2q4n,,,,,3KG2UQJ0MJ31JYQE0ZKSIJCLE0WQNO,35VN5BQM8VGHCME7JEF72KMWGBJ5JU,,0
27,6ji3121u,,0,10,9,ultimatum_banker,1,Validation,10.101.235.124,2017-02-14 00:36:09.860843+00:00,0,1,AZTIHNWNL4G86,3WYP994K18657Z92IUK6IEPLVJA6Y6,1,3999083,0,12,100,1,1,pfbe2q4n,,,,,3KG2UQJ0MJ31JYQE0ZKSIJCLE0WQNO,35VN5BQM8VGHCME7JEF72KMWGBJ5JU,,0
28,1xuvza4y,,0,10,9,ultimatum_banker,1,Validation,10.167.190.210,2017-02-14 00:36:49.936858+00:00,0,1,A11ANA7JWRJUZG,3F1567XTNXKJGGKEPR6OP2DLMB19QH,2,2743086,100,12,100,1,1,pfbe2q4n,,,,,3KG2UQJ0MJ31JYQE0ZKSIJCLE0WQNO,35VN5BQM8VGHCME7JEF72KMWGBJ5JU,,0
29,5ciw12e8,,0,1,9,consent_start2,1,Consent,10.138.140.172,2017-02-14 00:41:44.561327+00:00,0,1,AGNJKSH5LFKXZ,3RUIQRXJBC33QL5AMJ1IDP5MCZVLL1,29,,0,1,,,1,pfbe2q4n,,,,,3KG2UQJ0MJ31JYQE0ZKSIJCLE0WQNO,35VN5BQM8VGHCME7JEF72KMWGBJ5JU,,0
30,w4zro4ch,,0,10,9,ultimatum_banker,1,Validation,10.157.160.84,2017-02-14 00:42:34.010463+00:00,0,1,A2BVJG4EB89R2R,3G0WWMR1UWZ45IO8Q1PT7385R0IQNX,1,8136458,15,13,85,1,1,pfbe2q4n,,,,,3KG2UQJ0MJ31JYQE0ZKSIJCLE0WQNO,35VN5BQM8VGHCME7JEF72KMWGBJ5JU,,0
31,4r6xypul,,0,10,9,ultimatum_banker,1,Validation,10.13.211.115,2017-02-14 00:44:50.994040+00:00,0,1,A3B77HFHIPFZB6,3IHR8NYAM8GXJYDN8JV88PCVVN1P4A,2,143326,85,13,85,1,1,pfbe2q4n,,,,,3KG2UQJ0MJ31JYQE0ZKSIJCLE0WQNO,35VN5BQM8VGHCME7JEF72KMWGBJ5JU,,0
32,53vh8zfb,,0,1,9,consent_start2,1,Consent,10.43.197.52,2017-02-14 00:47:03.585978+00:00,0,1,A2XUADP5L61HQ5,33PPUNGG39KYY8HR64PN7GPJX0SRZG,32,,0,1,,,1,pfbe2q4n,,,,,3KG2UQJ0MJ31JYQE0ZKSIJCLE0WQNO,35VN5BQM8VGHCME7JEF72KMWGBJ5JU,,0
33,s198crs0,,0,3,9,ultimatum_banker,1,WaitToStart,10.178.64.67,2017-02-14 00:51:36.124357+00:00,0,1,A2MIP8J434FGPK,3ZPBJO59KQGI6DYSIHOW2K4AM9LDH7,1,,0,14,,,1,pfbe2q4n,,,,,3KG2UQJ0MJ31JYQE0ZKSIJCLE0WQNO,35VN5BQM8VGHCME7JEF72KMWGBJ5JU,,0
34,s4d9ciq2,,0,1,9,consent_start2,1,Consent,10.142.142.206,2017-02-14 01:05:17.157399+00:00,0,1,A214QUOIRYS868,3YJ6NA41JCVNMGW8BQICER1EDKTJPX,34,,0,1,,,1,pfbe2q4n,,,,,3KG2UQJ0MJ31JYQE0ZKSIJCLE0WQNO,35VN5BQM8VGHCME7JEF72KMWGBJ5JU,,0
35,je1rn9sb,,0,5,9,ultimatum_banker,1,WaitForProposer,10.170.178.42,2017-02-14 01:07:46.592821+00:00,0,1,A3MS21UJPMHLK0,3TMSXRD2X7F6B8D5XNQ12LDOC0V1W5,2,,0,14,,,1,pfbe2q4n,,,,,3KG2UQJ0MJ31JYQE0ZKSIJCLE0WQNO,35VN5BQM8VGHCME7JEF72KMWGBJ5JU,,0
36,vgr8qzhx,,0,10,9,ultimatum_banker,1,Validation,10.154.74.169,2017-02-14 01:09:35.272756+00:00,0,1,A20ASMCESA51U4,37W3JXSD67N31EO89CXAG8OYJL5YW1,2,6372578,0,15,0,0,1,pfbe2q4n,,,,,3KG2UQJ0MJ31JYQE0ZKSIJCLE0WQNO,35VN5BQM8VGHCME7JEF72KMWGBJ5JU,,0
37,hk46d5dz,,0,1,9,consent_start2,1,Consent,10.79.219.198,2017-02-14 01:09:42.637798+00:00,0,1,A2D773GY0L2LLP,3KIBXJ1WD690C0QPEB59Q6W1I4XKOG,37,,0,1,,,1,pfbe2q4n,,,,,3KG2UQJ0MJ31JYQE0ZKSIJCLE0WQNO,35VN5BQM8VGHCME7JEF72KMWGBJ5JU,,0
38,s4ngsnoj,,0,1,9,consent_start2,1,Consent,10.146.110.248,2017-02-14 01:11:30.562001+00:00,0,1,A138BU1VWM2RKN,35GCEFQ6I636F6WPVEORPIM3RMEZ3M,38,,0,1,,,1,pfbe2q4n,,,,,3KG2UQJ0MJ31JYQE0ZKSIJCLE0WQNO,35VN5BQM8VGHCME7JEF72KMWGBJ5JU,,0
39,4c183den,,0,3,9,ultimatum_banker,1,WaitToStart,10.13.194.229,2017-02-14 01:22:01.215476+00:00,0,1,AXFR7YKAC6GND,3Z7ISHFUH1ASG32V7VJNGZUE7878ZO,1,,0,16,,,1,pfbe2q4n,,,,,3KG2UQJ0MJ31JYQE0ZKSIJCLE0WQNO,35VN5BQM8VGHCME7JEF72KMWGBJ5JU,,0
40,bceh80ft,,0,10,9,ultimatum_banker,1,Validation,10.141.27.204,2017-02-14 01:27:36.732580+00:00,0,1,AAGZ40ERLMIPB,3KYQYYSHYWMSYUKFMUJMMT1BYV1OD8,1,7177238,0,21,10,0,1,pfbe2q4n,,,,,3KG2UQJ0MJ31JYQE0ZKSIJCLE0WQNO,35VN5BQM8VGHCME7JEF72KMWGBJ5JU,,0
41,wic3xtlo,,0,5,9,ultimatum_banker,1,WaitForProposer,10.152.74.104,2017-02-14 01:28:11.087213+00:00,0,1,A1JV64BL3WCK0G,3P1L2B7AD24BW687ZBHA569G743OLO,2,,0,16,,,1,pfbe2q4n,,,,,3KG2UQJ0MJ31JYQE0ZKSIJCLE0WQNO,35VN5BQM8VGHCME7JEF72KMWGBJ5JU,,0
42,rai4980a,,0,8,9,ultimatum_banker,1,Results,10.179.183.149,2017-02-14 01:28:20.342889+00:00,0,1,A1P6OXEJ86HQRM,3W8CV64QJ3E63NLB61JUGOLKVO8H9W,1,,0,17,0,0,1,pfbe2q4n,,,,,3KG2UQJ0MJ31JYQE0ZKSIJCLE0WQNO,35VN5BQM8VGHCME7JEF72KMWGBJ5JU,,0
43,sjbo5o6w,,0,10,9,ultimatum_banker,1,Validation,10.16.227.159,2017-02-14 01:28:20.362608+00:00,0,1,A3GEL5PWFIK05S,3ATTHHXXWB3W0EETFZ7TW38H24EIX9,1,9108116,50,18,50,1,1,pfbe2q4n,,,,,3KG2UQJ0MJ31JYQE0ZKSIJCLE0WQNO,35VN5BQM8VGHCME7JEF72KMWGBJ5JU,,0
44,loxlg71a,,0,10,9,ultimatum_banker,1,Validation,10.179.183.149,2017-02-14 01:29:12.391457+00:00,0,1,AC5UD8N187QD6,39DD6S19JQQ9P4CMKY5N89Q0IB5EZT,2,3091007,0,17,0,0,1,pfbe2q4n,,,,,3KG2UQJ0MJ31JYQE0ZKSIJCLE0WQNO,35VN5BQM8VGHCME7JEF72KMWGBJ5JU,,0
45,41wcz3c2,,0,10,9,ultimatum_banker,1,Validation,10.152.233.4,2017-02-14 01:32:22.054026+00:00,0,1,ACGZDI611LU0I,32EYX73OY1OHC9NH0HQFQOA4VIGRUU,2,3276917,50,18,50,1,1,pfbe2q4n,,,,,3KG2UQJ0MJ31JYQE0ZKSIJCLE0WQNO,35VN5BQM8VGHCME7JEF72KMWGBJ5JU,,0
46,sm4zpv8j,,0,4,9,ultimatum_banker,1,Offer,10.45.85.125,2017-02-14 01:33:49.437547+00:00,0,1,A13OOAT2ORKH6V,3KJYX6QCMAQ0R0T4X2RBKJQWZ8VJVJ,1,,0,19,,,1,pfbe2q4n,,,,,3KG2UQJ0MJ31JYQE0ZKSIJCLE0WQNO,35VN5BQM8VGHCME7JEF72KMWGBJ5JU,,0
47,mqnkgnq3,,0,5,9,ultimatum_banker,1,WaitForProposer,10.186.38.2,2017-02-14 01:34:10.817637+00:00,0,1,A2JHBBQHCFGRGG,3VA45EW49O2Y6Z4361ZRLR029YZ1OW,2,,0,19,,,1,pfbe2q4n,,,,,3KG2UQJ0MJ31JYQE0ZKSIJCLE0WQNO,35VN5BQM8VGHCME7JEF72KMWGBJ5JU,,0
48,040utmd7,,0,10,9,ultimatum_banker,1,Validation,10.13.211.115,2017-02-14 01:35:18.209927+00:00,0,1,A2DWQF4ZHHBLOW,3TGOYF991Y19S1FY4BLKVZXO2HKUU1,1,141149,0,20,20,0,1,pfbe2q4n,,,,,3KG2UQJ0MJ31JYQE0ZKSIJCLE0WQNO,35VN5BQM8VGHCME7JEF72KMWGBJ5JU,,0
49,esq5bbmf,,0,2,9,consent_start2,1,Introduction,10.140.231.210,2017-02-14 01:35:29.439129+00:00,0,1,A18SI5095GGGWT,340UGXU9DZG95G4Y91VPRLZ7GOTUVQ,49,,0,1,,,1,pfbe2q4n,,,,,3KG2UQJ0MJ31JYQE0ZKSIJCLE0WQNO,35VN5BQM8VGHCME7JEF72KMWGBJ5JU,,0
50,v60e1bdn,,0,10,9,ultimatum_banker,1,Validation,10.158.177.57,2017-02-14 01:36:04.946517+00:00,0,1,A1PUHCEBSOWETV,3KJYX6QCMAQ0R0T4X2RBKJQWZ8VJVJ,1,3065381,90,25,10,1,1,pfbe2q4n,,,,,3KG2UQJ0MJ31JYQE0ZKSIJCLE0WQNO,35VN5BQM8VGHCME7JEF72KMWGBJ5JU,,0
51,2sgnpcz7,,0,10,9,ultimatum_banker,1,Validation,10.169.124.243,2017-02-14 01:37:16.080430+00:00,0,1,AC8IEBY696VJO,3WRFBPLXRB3CYHI6SQDXUVFUH87N3U,2,3030825,0,21,10,0,1,pfbe2q4n,,,,,3KG2UQJ0MJ31JYQE0ZKSIJCLE0WQNO,35VN5BQM8VGHCME7JEF72KMWGBJ5JU,,0
52,yc31kdmy,,0,10,9,ultimatum_banker,1,Validation,10.171.127.156,2017-02-14 01:37:24.153654+00:00,0,1,A1U1JC7YGK9QKY,3TK8OJTYM20WDBW2SFWVHFC8871PVP,2,6119574,0,20,20,0,1,pfbe2q4n,,,,,3KG2UQJ0MJ31JYQE0ZKSIJCLE0WQNO,35VN5BQM8VGHCME7JEF72KMWGBJ5JU,,0
53,z9jny3ag,,0,7,9,ultimatum_banker,1,ResultsWaitPage,10.41.215.197,2017-02-14 01:38:21.077887+00:00,0,1,A2FPYDYSI6AWCD,31IBVUNM9TEKMY78EC0Q5LY461EVFS,1,,0,22,50,,1,pfbe2q4n,,,,,3KG2UQJ0MJ31JYQE0ZKSIJCLE0WQNO,35VN5BQM8VGHCME7JEF72KMWGBJ5JU,,0
54,4fkdj8h6,,0,5,9,ultimatum_banker,1,WaitForProposer,10.13.194.229,2017-02-14 01:41:27.500052+00:00,0,1,A3AAK6RT9KBGB3,3R8YZBNQ9IXF2XWLAU84B6MFRLH7Q7,2,,0,22,50,,1,pfbe2q4n,,,,,3KG2UQJ0MJ31JYQE0ZKSIJCLE0WQNO,35VN5BQM8VGHCME7JEF72KMWGBJ5JU,,0
55,e7jd11hi,,0,3,9,ultimatum_banker,1,WaitToStart,10.231.231.232,2017-02-14 01:43:12.527915+00:00,0,1,A3OB6REG5CGHK1,3U088ZLJVL864JSN14M1OGUE78S0W4,1,,0,26,,,1,pfbe2q4n,,,,,3KG2UQJ0MJ31JYQE0ZKSIJCLE0WQNO,35VN5BQM8VGHCME7JEF72KMWGBJ5JU,,0
56,5ys4eodl,,0,10,9,ultimatum_banker,1,Validation,10.142.142.206,2017-02-14 01:44:04.857934+00:00,0,1,AKCH7EGJBNV43,3P1L2B7AD24BW687ZBHA569G744LOM,2,5822757,10,25,10,1,1,pfbe2q4n,,,,,3KG2UQJ0MJ31JYQE0ZKSIJCLE0WQNO,35VN5BQM8VGHCME7JEF72KMWGBJ5JU,,0
57,1hn5fsnd,,0,5,9,ultimatum_banker,1,WaitForProposer,10.109.163.176,2017-02-14 01:44:47.810074+00:00,0,1,A25AJ66CYVUTBR,3K2755HG5TIYSH7MNR0WZZSX6UBDFC,1,,0,35,0,0,1,pfbe2q4n,,,,,3KG2UQJ0MJ31JYQE0ZKSIJCLE0WQNO,35VN5BQM8VGHCME7JEF72KMWGBJ5JU,,0
58,nl6qbmpl,,0,8,9,ultimatum_banker,1,Results,10.154.74.169,2017-02-14 01:45:04.742357+00:00,0,1,A2581F7TDPAMBQ,3RXPCZQMQQQAEMN5IIMJGIR0IC8G1O,1,,0,23,10,0,1,pfbe2q4n,,,,,3KG2UQJ0MJ31JYQE0ZKSIJCLE0WQNO,35VN5BQM8VGHCME7JEF72KMWGBJ5JU,,0
59,156k82vc,,0,10,9,ultimatum_banker,1,Validation,10.61.238.152,2017-02-14 01:45:11.968555+00:00,0,1,A364KJDYEBAWC9,3TVRFO09GLUYQFMZ0246OJ09J89LXR,2,8800622,0,23,10,0,1,pfbe2q4n,,,,,3KG2UQJ0MJ31JYQE0ZKSIJCLE0WQNO,35VN5BQM8VGHCME7JEF72KMWGBJ5JU,,0
60,99cn5dzy,,0,7,9,ultimatum_banker,1,ResultsWaitPage,10.16.227.41,2017-02-14 01:45:44.489971+00:00,0,1,A3TKUXUTDX6FBF,3S0TNUHWKUXPD2XZFDUQP7BBJQY8DQ,1,,0,24,90,,1,pfbe2q4n,,,,,3KG2UQJ0MJ31JYQE0ZKSIJCLE0WQNO,35VN5BQM8VGHCME7JEF72KMWGBJ5JU,,0
61,vuw20hby,,0,1,9,consent_start2,1,Consent,10.138.143.17,2017-02-14 01:46:02.035383+00:00,0,1,A1JGEBU8H2DBIZ,30ZX6P7VF9ARU9V29S70IETL2A3J2C,61,,0,1,,,1,pfbe2q4n,,,,,3KG2UQJ0MJ31JYQE0ZKSIJCLE0WQNO,35VN5BQM8VGHCME7JEF72KMWGBJ5JU,,0
62,xlzfzum2,,0,5,9,ultimatum_banker,1,WaitForProposer,10.238.25.185,2017-02-14 01:47:49.977758+00:00,0,1,A2QKYHKS2101K,34S9DKFK744DEKFUHB6NKPB7Q93NY1,2,,0,24,90,,1,pfbe2q4n,,,,,3KG2UQJ0MJ31JYQE0ZKSIJCLE0WQNO,35VN5BQM8VGHCME7JEF72KMWGBJ5JU,,0
63,ips6b6zk,,0,5,9,ultimatum_banker,1,WaitForProposer,10.158.177.57,2017-02-14 01:51:56.242314+00:00,0,1,A1CJQ1MCXPRR2L,3U088ZLJVL864JSN14M1OGUE78S0W4,2,,0,26,,,1,pfbe2q4n,,,,,3KG2UQJ0MJ31JYQE0ZKSIJCLE0WQNO,35VN5BQM8VGHCME7JEF72KMWGBJ5JU,,0
64,nf7pr923,,0,10,9,ultimatum_banker,1,Validation,10.179.235.253,2017-02-14 01:53:19.425512+00:00,0,1,A2AUDQQQALH4Q8,3E4GGUZ1T96M5T1KRD7CJTTYHZ3K2C,1,6632478,40,27,60,1,1,pfbe2q4n,,,,,3KG2UQJ0MJ31JYQE0ZKSIJCLE0WQNO,35VN5BQM8VGHCME7JEF72KMWGBJ5JU,,0
65,v64ratkq,,0,10,9,ultimatum_banker,1,Validation,10.167.190.210,2017-02-14 01:53:57.743178+00:00,0,1,A1D9FOXZ0UT0L2,3T111IHZ5F5JSHZE26VOUSNQIX79RM,2,260730,60,27,60,1,1,pfbe2q4n,,,,,3KG2UQJ0MJ31JYQE0ZKSIJCLE0WQNO,35VN5BQM8VGHCME7JEF72KMWGBJ5JU,,0
66,3148q169,,0,10,9,ultimatum_banker,1,Validation,10.179.235.253,2017-02-14 01:54:28.931115+00:00,0,1,A3AEGALX2Q1G2A,3M68NM076IMWAYXG4ZSCAIWOSWZR6T,1,,0,29,100,1,1,pfbe2q4n,,,,,3KG2UQJ0MJ31JYQE0ZKSIJCLE0WQNO,35VN5BQM8VGHCME7JEF72KMWGBJ5JU,,0
67,1gk5xagn,,0,3,9,ultimatum_banker,1,WaitToStart,10.164.78.133,2017-02-14 01:54:48.310929+00:00,0,1,AYPRRGPMOD0AX,31LM9EDVOM7NJVKVVB5KA2WJD5UNJ7,1,,0,28,,,1,pfbe2q4n,,,,,3KG2UQJ0MJ31JYQE0ZKSIJCLE0WQNO,35VN5BQM8VGHCME7JEF72KMWGBJ5JU,,0
68,2v3y3b0n,,0,5,9,ultimatum_banker,1,WaitForProposer,10.158.177.57,2017-02-14 01:55:47.405664+00:00,0,1,A23JA6ICO4BPQ5,3NQL1CS15SNQMPO3J2SEU65KCC5YVT,2,,0,28,,,1,pfbe2q4n,,,,,3KG2UQJ0MJ31JYQE0ZKSIJCLE0WQNO,35VN5BQM8VGHCME7JEF72KMWGBJ5JU,,0
69,ub6a6m9c,,0,10,9,ultimatum_banker,1,Validation,10.142.142.206,2017-02-14 02:05:53.510411+00:00,0,1,A1ZRH6U4OYYM1S,36PW28KO40B8OW4E86PORGZR9Q0AEQ,2,8402607,100,29,100,1,1,pfbe2q4n,,,,,3KG2UQJ0MJ31JYQE0ZKSIJCLE0WQNO,35VN5BQM8VGHCME7JEF72KMWGBJ5JU,,0
70,h3gokfvv,,0,10,9,ultimatum_banker,1,Validation,10.140.231.210,2017-02-14 02:08:47.650733+00:00,0,1,A1QG4N21BF61PC,3DI28L7YXBTCU8RECNWVGF6O5WU1ET,1,9077079,20,32,80,1,1,pfbe2q4n,,,,,3KG2UQJ0MJ31JYQE0ZKSIJCLE0WQNO,35VN5BQM8VGHCME7JEF72KMWGBJ5JU,,0
71,79dr68h8,,0,10,9,ultimatum_banker,1,Validation,10.140.231.210,2017-02-14 02:09:32.574446+00:00,0,1,AAIQLE701DI9U,33CID571058MAHFLGDXIH3B5CD93LA,1,8435659,50,30,50,1,1,pfbe2q4n,,,,,3KG2UQJ0MJ31JYQE0ZKSIJCLE0WQNO,35VN5BQM8VGHCME7JEF72KMWGBJ5JU,,0
72,2e4u0zg0,,0,10,9,ultimatum_banker,1,Validation,10.79.219.198,2017-02-14 02:10:03.935720+00:00,0,1,A3V9JE45AO02Q8,3IRIK4HM3BZS4W8XM22HLNX2SVX6C3,2,2454044,50,30,50,1,1,pfbe2q4n,,,,,3KG2UQJ0MJ31JYQE0ZKSIJCLE0WQNO,35VN5BQM8VGHCME7JEF72KMWGBJ5JU,,0
73,93nvcr0i,,0,10,9,ultimatum_banker,1,Validation,10.167.190.210,2017-02-14 02:11:50.776475+00:00,0,1,AKHVXXXX53S5G,3NKQQ8O39ZKNBZ4CIGVVLZT0GHRDUC,2,7146500,80,32,80,1,1,pfbe2q4n,,,,,3KG2UQJ0MJ31JYQE0ZKSIJCLE0WQNO,35VN5BQM8VGHCME7JEF72KMWGBJ5JU,,0
74,dvpodeyh,,0,3,9,ultimatum_banker,1,WaitToStart,10.150.98.212,2017-02-14 02:12:05.465900+00:00,0,1,ALLSME1RY6B9Y,3VAR3R6G1QGGHZOO5M8601NAN46O84,1,,0,31,,,1,pfbe2q4n,,,,,3KG2UQJ0MJ31JYQE0ZKSIJCLE0WQNO,35VN5BQM8VGHCME7JEF72KMWGBJ5JU,,0
75,skhkmsf0,,0,5,9,ultimatum_banker,1,WaitForProposer,10.63.231.107,2017-02-14 02:15:11.760448+00:00,0,1,A29X1A8AF3TUQP,323Q6SJS8JVF4XCO9NJMQK7VYM5HFQ,2,,0,31,,,1,pfbe2q4n,,,,,3KG2UQJ0MJ31JYQE0ZKSIJCLE0WQNO,35VN5BQM8VGHCME7JEF72KMWGBJ5JU,,0
76,tco3chu9,,0,7,9,ultimatum_banker,1,ResultsWaitPage,10.231.231.232,2017-02-14 02:15:45.385130+00:00,0,1,A214IHLFLUI719,34PGFRQONPQD6PT9NCW76L9A6HZJWV,1,,0,33,50,,1,pfbe2q4n,,,,,3KG2UQJ0MJ31JYQE0ZKSIJCLE0WQNO,35VN5BQM8VGHCME7JEF72KMWGBJ5JU,,0
77,k11isnff,,0,7,9,ultimatum_banker,1,ResultsWaitPage,10.145.25.250,2017-02-14 02:17:43.593789+00:00,0,1,A2X3WNRH7FO4F5,3DQQ64TANH09S0W7IP1R3HVMFG5WP8,2,,0,35,0,0,1,pfbe2q4n,,,,,3KG2UQJ0MJ31JYQE0ZKSIJCLE0WQNO,35VN5BQM8VGHCME7JEF72KMWGBJ5JU,,0
78,b6ihm1ur,,0,5,9,ultimatum_banker,1,WaitForProposer,10.150.73.107,2017-02-14 02:21:32.152550+00:00,0,1,A1ESKJFDQUMBL4,3YW4XOSQKR0TJ4O02NB0KXSRRKP1UB,2,,0,33,50,,1,pfbe2q4n,,,,,3KG2UQJ0MJ31JYQE0ZKSIJCLE0WQNO,35VN5BQM8VGHCME7JEF72KMWGBJ5JU,,0
79,81zk93ex,,0,7,9,ultimatum_banker,1,ResultsWaitPage,10.69.205.24,2017-02-14 02:22:19.844689+00:00,0,1,A2DZQW708M6IEZ,39LNWE0K4VB4JAKYAUW6CW9D8MZUIV,1,,0,34,40,,1,pfbe2q4n,,,,,3KG2UQJ0MJ31JYQE0ZKSIJCLE0WQNO,35VN5BQM8VGHCME7JEF72KMWGBJ5JU,,0
80,r9x3xpcz,,0,6,9,ultimatum_banker,1,Accept,10.183.102.41,2017-02-14 02:22:56.367110+00:00,0,1,A2V68RNQVUAY70,392CY0QWG2652CQJVO5OZSBJ99C4IJ,2,,0,34,40,,1,pfbe2q4n,,,,,3KG2UQJ0MJ31JYQE0ZKSIJCLE0WQNO,35VN5BQM8VGHCME7JEF72KMWGBJ5JU,,0
81,z04qsrwq,,0,3,9,ultimatum_banker,1,WaitToStart,10.238.25.185,2017-02-14 02:30:31.407666+00:00,0,1,A2PQVSRRVQY00Z,337RC3OW06H6MQH40N3O0Y3O3X2VLZ,1,,0,36,,,1,pfbe2q4n,,,,,3KG2UQJ0MJ31JYQE0ZKSIJCLE0WQNO,35VN5BQM8VGHCME7JEF72KMWGBJ5JU,,0
82,r9qnp8rl,,0,5,9,ultimatum_banker,1,WaitForProposer,10.109.176.159,2017-02-14 02:34:15.829059+00:00,0,1,AS56NGGEVTZIX,3U8YCDAGXQV1KMW1PVNVWRCSJ7D0Q2,2,,0,36,,,1,pfbe2q4n,,,,,3KG2UQJ0MJ31JYQE0ZKSIJCLE0WQNO,35VN5BQM8VGHCME7JEF72KMWGBJ5JU,,0
83,1zjgjbhl,,0,10,9,ultimatum_banker,1,Validation,10.136.154.140,2017-02-14 02:34:59.586947+00:00,0,1,A2UMB419R9QW8L,3KB8R4ZV1FMBRK5XKFF8MU494O1BG4,1,4334454,50,37,50,1,1,pfbe2q4n,,,,,3KG2UQJ0MJ31JYQE0ZKSIJCLE0WQNO,35VN5BQM8VGHCME7JEF72KMWGBJ5JU,,0
84,7bjntzzu,,0,10,9,ultimatum_banker,1,Validation,10.140.231.210,2017-02-14 02:53:47.437389+00:00,0,1,AD3ZSVTCXP0Y5,3IXEICO793Y9QDA88OX7AXX6GHYT6A,2,9338935,50,37,50,1,1,pfbe2q4n,,,,,3KG2UQJ0MJ31JYQE0ZKSIJCLE0WQNO,35VN5BQM8VGHCME7JEF72KMWGBJ5JU,,0
85,5op9kii1,,0,3,9,ultimatum_banker,1,WaitToStart,10.136.154.140,2017-02-14 02:54:35.761846+00:00,0,1,A2BEBSKRACN0KA,3X66WABAJXX6OP1K5M024B6XGWP3G6,1,,0,38,,,1,pfbe2q4n,,,,,3KG2UQJ0MJ31JYQE0ZKSIJCLE0WQNO,35VN5BQM8VGHCME7JEF72KMWGBJ5JU,,0
86,t3iu9k1o,,0,2,9,consent_start2,1,Introduction,10.170.176.153,2017-02-14 03:00:44.597851+00:00,0,1,A1KKFIBM7I826V,3HHRAGRYX9KGV47YAEEK0XIL7AQO9V,86,,0,1,,,1,pfbe2q4n,,,,,3KG2UQJ0MJ31JYQE0ZKSIJCLE0WQNO,35VN5BQM8VGHCME7JEF72KMWGBJ5JU,,0
87,05kh7jxq,,0,1,9,consent_start2,1,Consent,10.179.109.26,2017-02-14 03:00:49.282691+00:00,0,1,A2V9QJ90P9WHXW,3BV8HQ2ZZXG4BHBZ2O6QFS7ESSE6A3,87,,0,1,,,1,pfbe2q4n,,,,,3KG2UQJ0MJ31JYQE0ZKSIJCLE0WQNO,35VN5BQM8VGHCME7JEF72KMWGBJ5JU,,0
88,fajx0jy0,,0,10,9,ultimatum_banker,1,Validation,10.81.172.78,2017-02-14 03:05:36.240094+00:00,0,1,AF1MN25P3XFLG,3C5W7UE9CG5IWX4K0E5LOWFYJD2MXX,1,1724625,20,39,80,1,1,pfbe2q4n,,,,,3KG2UQJ0MJ31JYQE0ZKSIJCLE0WQNO,35VN5BQM8VGHCME7JEF72KMWGBJ5JU,,0
89,p4rvn08y,,0,5,9,ultimatum_banker,1,WaitForProposer,10.79.219.198,2017-02-14 03:07:12.476516+00:00,0,1,A2CB7WDJ9V6VVN,39N5ACM9HF2YG4JZPERZPXNBHFMP9D,2,,0,38,,,1,pfbe2q4n,,,,,3KG2UQJ0MJ31JYQE0ZKSIJCLE0WQNO,35VN5BQM8VGHCME7JEF72KMWGBJ5JU,,0
90,d55t5k6a,,0,10,9,ultimatum_banker,1,Validation,10.63.100.77,2017-02-14 03:13:50.365056+00:00,0,1,AUBB8KU9XV2R8,3II4UPYCOKMVJ6XV17BQBYWBDWNQDM,2,7683433,80,39,80,1,1,pfbe2q4n,,,,,3KG2UQJ0MJ31JYQE0ZKSIJCLE0WQNO,35VN5BQM8VGHCME7JEF72KMWGBJ5JU,,0
91,4072hkf2,,0,10,9,ultimatum_banker,1,Validation,10.171.127.156,2017-02-14 03:14:01.376571+00:00,0,1,A2JKETV64OU7DY,3PWWM24LHTD2ASZJIOA9TOK7MZD28F,1,1775687,10,40,90,1,1,pfbe2q4n,,,,,3KG2UQJ0MJ31JYQE0ZKSIJCLE0WQNO,35VN5BQM8VGHCME7JEF72KMWGBJ5JU,,0
92,c06vetod,,0,8,9,ultimatum_banker,1,Results,10.167.67.198,2017-02-14 03:16:12.232341+00:00,0,1,AQDGWVR1SRPDY,3DYGAII7PMN4830L6G2LBSD0RFQQP0,1,,0,41,0,0,1,pfbe2q4n,,,,,3KG2UQJ0MJ31JYQE0ZKSIJCLE0WQNO,35VN5BQM8VGHCME7JEF72KMWGBJ5JU,,0
93,wawuv44z,,0,10,9,ultimatum_banker,1,Validation,10.136.154.140,2017-02-14 03:18:35.702394+00:00,0,1,A9AJUQKWN5LVJ,3QECW5O0KIGD79AU35N2IRJ6KMOT5V,2,591264,90,40,90,1,1,pfbe2q4n,,,,,3KG2UQJ0MJ31JYQE0ZKSIJCLE0WQNO,35VN5BQM8VGHCME7JEF72KMWGBJ5JU,,0
94,y48b3wy1,,0,2,9,consent_start2,1,Introduction,10.16.227.41,2017-02-14 03:22:17.855673+00:00,0,1,ABOYW7P6LHIW5,39N5ACM9HF2YG4JZPERZPXNBHFMP9D,94,,0,1,,,1,pfbe2q4n,,,,,3KG2UQJ0MJ31JYQE0ZKSIJCLE0WQNO,35VN5BQM8VGHCME7JEF72KMWGBJ5JU,,0
95,wj3a1h8l,,0,7,9,ultimatum_banker,1,ResultsWaitPage,10.157.160.84,2017-02-14 03:25:20.536613+00:00,0,1,AVLBKM6QIPB1S,3TPZPLC3M1RC12UJ85QPYKKPHND3PB,1,,0,46,40,,1,pfbe2q4n,,,,,3KG2UQJ0MJ31JYQE0ZKSIJCLE0WQNO,35VN5BQM8VGHCME7JEF72KMWGBJ5JU,,0
96,b4pduub0,,0,10,9,ultimatum_banker,1,Validation,10.178.64.67,2017-02-14 03:27:16.710000+00:00,0,1,AHLADH7JTJRO8,3PJUZCGDJ7VDACKI3XPO3BSLS5N98E,2,9282553,0,41,0,0,1,pfbe2q4n,,,,,3KG2UQJ0MJ31JYQE0ZKSIJCLE0WQNO,35VN5BQM8VGHCME7JEF72KMWGBJ5JU,,0
97,aipqggr8,,0,1,9,consent_start2,1,Consent,10.149.67.224,2017-02-14 03:27:22.489571+00:00,0,1,A2WTDVHVVORNDU,3I3WADAZ9RJXUH5M7O13OHDJLE8O55,97,,0,1,,,1,pfbe2q4n,,,,,3KG2UQJ0MJ31JYQE0ZKSIJCLE0WQNO,35VN5BQM8VGHCME7JEF72KMWGBJ5JU,,0
98,h1kf919p,,0,7,9,ultimatum_banker,1,ResultsWaitPage,10.158.177.57,2017-02-14 03:31:11.781321+00:00,0,1,AURF17VKAGMY5,3Y54SXRO1M0USO0946VAQ3BMJ3ITUE,1,,0,43,1,,1,pfbe2q4n,,,,,3KG2UQJ0MJ31JYQE0ZKSIJCLE0WQNO,35VN5BQM8VGHCME7JEF72KMWGBJ5JU,,0
99,haupoou7,,0,10,9,ultimatum_banker,1,Validation,10.97.160.245,2017-02-14 03:31:17.367987+00:00,0,1,A1IU5OP7BBZHZ7,323Q6SJS8JVF4XCO9NJMQK7VYM8HFT,1,2185578,0,42,5,0,1,pfbe2q4n,,,,,3KG2UQJ0MJ31JYQE0ZKSIJCLE0WQNO,35VN5BQM8VGHCME7JEF72KMWGBJ5JU,,0
100,8acqzsh2,,0,10,9,ultimatum_banker,1,Validation,10.146.110.248,2017-02-14 03:33:24.893869+00:00,0,1,A1WXPOLDS1Y9R4,3RYC5T2D7484K4FLJVRLGIN5N1TRP3,2,4555188,0,42,5,0,1,pfbe2q4n,,,,,3KG2UQJ0MJ31JYQE0ZKSIJCLE0WQNO,35VN5BQM8VGHCME7JEF72KMWGBJ5JU,,0
101,gnpf1zn8,,0,1,9,consent_start2,1,Consent,10.231.231.232,2017-02-14 03:33:35.052546+00:00,0,1,A2TT0SJ095Q5YZ,3BXQMRHWK0DQFTAPV9UY4PGUPVMMU6,101,,0,1,,,1,pfbe2q4n,,,,,3KG2UQJ0MJ31JYQE0ZKSIJCLE0WQNO,35VN5BQM8VGHCME7JEF72KMWGBJ5JU,,0
102,5d5onq34,,0,10,9,ultimatum_banker,1,Validation,10.155.222.143,2017-02-14 03:34:51.498296+00:00,0,1,A3EU2ZIKRJTLQD,3FIJLY1B6VJ7HEACS0RRZT9MKDIPF6,1,2595402,2,44,98,1,1,pfbe2q4n,,,,,3KG2UQJ0MJ31JYQE0ZKSIJCLE0WQNO,35VN5BQM8VGHCME7JEF72KMWGBJ5JU,,0
103,ru2etlie,,0,5,9,ultimatum_banker,1,WaitForProposer,10.43.206.154,2017-02-14 03:35:33.552779+00:00,0,1,A1YGSIQI52QT9L,3E1QT0TDFQO6LDDL7RV1G4ROBVAI86,2,,0,43,1,,1,pfbe2q4n,,,,,3KG2UQJ0MJ31JYQE0ZKSIJCLE0WQNO,35VN5BQM8VGHCME7JEF72KMWGBJ5JU,,0
104,1mdrkn7a,,0,10,9,ultimatum_banker,1,Validation,10.41.215.197,2017-02-14 03:46:16.970912+00:00,0,1,AHDW0M4017Z8K,3GD6L00D3TCA6WJRTLKETNBXEYP1MM,2,9858001,98,44,98,1,1,pfbe2q4n,,,,,3KG2UQJ0MJ31JYQE0ZKSIJCLE0WQNO,35VN5BQM8VGHCME7JEF72KMWGBJ5JU,,0
105,k04looou,,0,5,9,ultimatum_banker,1,WaitForProposer,10.157.160.84,2017-02-14 03:48:34.046490+00:00,0,1,A1D5TW3B727D2O,37C0GNLMHGI29OEBMYXS5TFKDVD6D7,1,,0,48,100,,1,pfbe2q4n,,,,,3KG2UQJ0MJ31JYQE0ZKSIJCLE0WQNO,35VN5BQM8VGHCME7JEF72KMWGBJ5JU,,0
106,1k7igzqp,,0,4,9,ultimatum_banker,1,Offer,10.43.180.138,2017-02-14 03:48:44.201962+00:00,0,1,A2OP2ZANIM5ZV,3QXNC7EIPJAVSNFF8TC9AWM397C90S,1,,0,45,,,1,pfbe2q4n,,,,,3KG2UQJ0MJ31JYQE0ZKSIJCLE0WQNO,35VN5BQM8VGHCME7JEF72KMWGBJ5JU,,0
107,13al03as,,0,5,9,ultimatum_banker,1,WaitForProposer,10.171.119.12,2017-02-14 03:51:10.299148+00:00,0,1,AOF1CWDDF9QQ3,3RSDURM96B19KE2HOC34U2HYCH7EY8,2,,0,45,,,1,pfbe2q4n,,,,,3KG2UQJ0MJ31JYQE0ZKSIJCLE0WQNO,35VN5BQM8VGHCME7JEF72KMWGBJ5JU,,0
108,7ymktwbh,,0,5,9,ultimatum_banker,1,WaitForProposer,10.179.183.149,2017-02-14 03:52:59.889346+00:00,0,1,A11UOM2LJ69AE7,3BWI6RSP7HOQ5U6G13D4HPX18IY7E0,2,,0,46,40,,1,pfbe2q4n,,,,,3KG2UQJ0MJ31JYQE0ZKSIJCLE0WQNO,35VN5BQM8VGHCME7JEF72KMWGBJ5JU,,0
109,8da53yox,,0,10,9,ultimatum_banker,1,Validation,10.13.194.229,2017-02-14 03:53:03.412446+00:00,0,1,A8P66AMRDFLLT,3AAJC4I4FH7H0KYEYZGE5P3SNJ7JZP,1,9200390,20,47,80,1,1,pfbe2q4n,,,,,3KG2UQJ0MJ31JYQE0ZKSIJCLE0WQNO,35VN5BQM8VGHCME7JEF72KMWGBJ5JU,,0
110,uv0t6158,,0,3,9,ultimatum_banker,1,WaitToStart,10.150.135.91,2017-02-14 03:53:59.553746+00:00,0,1,AK7P0F2TL5WYG,3MHW492WW1SQS8ZP0Z430BID32WMVW,2,,0,48,100,,1,pfbe2q4n,,,,,3KG2UQJ0MJ31JYQE0ZKSIJCLE0WQNO,35VN5BQM8VGHCME7JEF72KMWGBJ5JU,,0
111,pardckgu,,0,10,9,ultimatum_banker,1,Validation,10.63.30.96,2017-02-14 03:54:11.436074+00:00,0,1,A32WJMEO2ZEEBN,3RWE2M8QWIPGHPJ993VESXHNEWTN05,2,4907964,80,47,80,1,1,pfbe2q4n,,,,,3KG2UQJ0MJ31JYQE0ZKSIJCLE0WQNO,35VN5BQM8VGHCME7JEF72KMWGBJ5JU,,0
112,j57whp35,,0,3,9,ultimatum_banker,1,WaitToStart,10.37.191.73,2017-02-14 03:59:48.668190+00:00,0,1,A23UGHBSIY45CU,3L6L49WXW1CTQOV4O4MUAJ7E4NA54E,1,,0,49,,,1,pfbe2q4n,,,,,3KG2UQJ0MJ31JYQE0ZKSIJCLE0WQNO,35VN5BQM8VGHCME7JEF72KMWGBJ5JU,,0
113,5awyoryu,,0,5,9,ultimatum_banker,1,WaitForProposer,10.81.229.55,2017-02-14 03:59:49.923121+00:00,0,1,A9E9L9MWEZOPN,3P59JYT76MZL8CR7LML4KKGU0CZT2W,1,,0,51,1,,1,pfbe2q4n,,,,,3KG2UQJ0MJ31JYQE0ZKSIJCLE0WQNO,35VN5BQM8VGHCME7JEF72KMWGBJ5JU,,0
114,xwt5mu8z,,0,5,9,ultimatum_banker,1,WaitForProposer,10.71.207.7,2017-02-14 04:08:51.154433+00:00,0,1,A3PPVTK48MDFUP,3EG49X351VRG7UJSDYY4Z0ICTDQ6XA,2,,0,49,,,1,pfbe2q4n,,,,,3KG2UQJ0MJ31JYQE0ZKSIJCLE0WQNO,35VN5BQM8VGHCME7JEF72KMWGBJ5JU,,0
115,l522t6bd,,0,10,9,ultimatum_banker,1,Validation,10.149.111.149,2017-02-14 04:12:52.837985+00:00,0,1,A13QHXMU0OMNAY,3JZQSN0I3RP141HDPH145KVUJMXFGU,1,9331028,5,50,95,1,1,pfbe2q4n,,,,,3KG2UQJ0MJ31JYQE0ZKSIJCLE0WQNO,35VN5BQM8VGHCME7JEF72KMWGBJ5JU,,0
116,jaktdcti,,0,10,9,ultimatum_banker,1,Validation,10.43.206.154,2017-02-14 04:13:15.206673+00:00,0,1,A3VA5UDZ327VT0,3MHW492WW1SQS8ZP0Z430BID32XMVX,2,4952312,95,50,95,1,1,pfbe2q4n,,,,,3KG2UQJ0MJ31JYQE0ZKSIJCLE0WQNO,35VN5BQM8VGHCME7JEF72KMWGBJ5JU,,0
117,094a5a8b,,0,3,9,ultimatum_banker,1,WaitToStart,10.167.67.198,2017-02-14 04:14:00.512844+00:00,0,1,A11X07ZTWGFCMN,3J4Q2Z4UTZIUSCXMI2GG3MLWKCWWQ4,2,,0,51,1,,1,pfbe2q4n,,,,,3KG2UQJ0MJ31JYQE0ZKSIJCLE0WQNO,35VN5BQM8VGHCME7JEF72KMWGBJ5JU,,0
118,tz8f1lp7,,0,10,9,ultimatum_banker,1,Validation,10.43.185.17,2017-02-14 04:19:05.634469+00:00,0,1,A20NDRGSZZRQF,3Z9WI9EOZ03QKJ42AYAJ6XZ06IRKH0,1,,46,52,54,1,1,pfbe2q4n,,,,,3KG2UQJ0MJ31JYQE0ZKSIJCLE0WQNO,35VN5BQM8VGHCME7JEF72KMWGBJ5JU,,0
119,ywzn9ua7,,0,10,9,ultimatum_banker,1,Validation,10.81.172.78,2017-02-14 04:23:10.314450+00:00,0,1,A2D3TM156X7Y61,336KAV9KYR7HPYQ1VS83S189FEJ2YW,2,9015162,54,52,54,1,1,pfbe2q4n,,,,,3KG2UQJ0MJ31JYQE0ZKSIJCLE0WQNO,35VN5BQM8VGHCME7JEF72KMWGBJ5JU,,0
120,ainunxx4,,0,3,9,ultimatum_banker,1,WaitToStart,10.43.185.17,2017-02-14 04:25:26.821059+00:00,0,1,APPSSLLP56DKF,31Q0U3WYDQURLTC4PFIPA5E7J9W17D,120,,0,1,,,1,pfbe2q4n,,,,,3KG2UQJ0MJ31JYQE0ZKSIJCLE0WQNO,35VN5BQM8VGHCME7JEF72KMWGBJ5JU,,0
1,37xwmlq4,,0,1,9,consent_start2,1,Consent,10.138.140.172,2017-02-14 01:03:22.258903+00:00,0,1,,,1,,0,1,,,1,n67o79aj,,,,,,,,1
2,a6454ghn,,0,0,9,,,,,,0,0,,,2,,0,1,,,1,n67o79aj,,,,,,,,1
